{
  "action": {
    "hacking": {
      "variety": [
        "Unknown"
      ],
      "vector": [
        "Web application"
      ]
    }
  },
  "actor": {
    "external": {
      "country": [
        "US"
      ],
      "motive": [
        "Financial"
      ],
      "region": [
        "019021"
      ],
      "variety": [
        "Other"
      ]
    }
  },
  "asset": {
    "assets": [
      {
        "amount": 1,
        "variety": "S - Web application"
      }
    ],
    "cloud": [
      "Unknown"
    ],
    "country": [
      "US"
    ],
    "notes": "Following enumerations present before veris 1.3.3 removed: asset.governance.Personally owned.",
    "total_amount": 1
  },
  "attribute": {
    "confidentiality": {
      "data": [
        {
          "variety": "Personal"
        }
      ],
      "data_disclosure": "Yes",
      "data_victim": [
        "Employee"
      ],
      "state": [
        "Stored"
      ]
    }
  },
  "confidence": "Medium",
  "discovery_method": {
    "unknown": true
  },
  "incident_id": "9eda6e80-de98-11e7-9424-7b935f12be98",
  "plus": {
    "analysis_status": "First pass",
    "analyst": "Hylender",
    "attribute": {
      "confidentiality": {
        "credit_monitoring": "Yes",
        "credit_monitoring_years": 1,
        "data_abuse": "Yes"
      }
    },
    "created": "2017-12-11T23:56:04.419Z",
    "dbir_year": 2018,
    "github": "9280",
    "master_id": "001bd01d-13c4-40b6-a3a1-d8fcfb185653",
    "modified": "2017-12-11T23:56:51.579Z",
    "timeline": {
      "notification": {
        "day": 20,
        "month": 2,
        "year": 2017
      }
    }
  },
  "reference": "http://wach.com/news/local/lexington-medical-center-hit-with-employee-data-breach",
  "schema_version": "1.3.7",
  "security_incident": "Confirmed",
  "source_id": "vcdb",
  "summary": "Officials say an employee database was hacked at Lexington Medical Center.  Thousands of records have been exposed including social security numbers and W-2 forms of current and former employees.",
  "targeted": "Unknown",
  "timeline": {
    "incident": {
      "day": 17,
      "month": 2,
      "year": 2017
    }
  },
  "victim": {
    "country": [
      "US"
    ],
    "employee_count": "101 to 1000",
    "government": [
      "NA"
    ],
    "industry": "622110",
    "locations_affected": 1,
    "region": [
      "019201",
      "019021"
    ],
    "state": "SC",
    "victim_id": "Lexington Medical Center"
  }
}