{
  "action": {
    "hacking": {
      "variety": [
        "Unknown"
      ],
      "vector": [
        "Web application"
      ]
    }
  },
  "actor": {
    "external": {
      "country": [
        "Unknown"
      ],
      "motive": [
        "Ideology"
      ],
      "region": [
        "000000"
      ],
      "variety": [
        "Activist"
      ]
    }
  },
  "asset": {
    "assets": [
      {
        "variety": "S - Web application"
      }
    ],
    "cloud": [
      "Unknown"
    ]
  },
  "attribute": {
    "availability": {
      "variety": [
        "Loss"
      ]
    },
    "confidentiality": {
      "data": [
        {
          "variety": "Internal"
        }
      ],
      "data_disclosure": "Yes",
      "notes": "article says 7 GB's of sensitive data. no other details. ",
      "state": [
        "Unknown"
      ]
    }
  },
  "discovery_method": {
    "external": {
      "variety": [
        "Actor disclosure"
      ]
    }
  },
  "impact": {
    "overall_rating": "Unknown"
  },
  "incident_id": "00224226-4A39-435C-BFFD-672B5D61C7C1",
  "plus": {
    "analysis_status": "First pass",
    "analyst": "dhylender",
    "attribute": {
      "confidentiality": {
        "credit_monitoring": "Unknown"
      }
    },
    "created": "2013-09-04T19:29:00Z",
    "master_id": "00224226-4A39-435C-BFFD-672B5D61C7C1",
    "modified": "2014-04-27T19:37:01Z",
    "timeline": {
      "notification": {
        "month": 9,
        "year": 2013
      }
    }
  },
  "reference": "http://www.cyberwarnews.info/2013/09/04/7gb-data-leaked-from-azerenergy-azerbaijans-largest-electrical-power-producer/?utm_source=feedburner&utm_medium=feed&utm_campaign=Feed%3A+CyberWarNews+%28Cyber+War+News%29",
  "schema_version": "1.3.7",
  "security_incident": "Confirmed",
  "source_id": "vcdb",
  "summary": "leaked info from Azerbaijan electrical producer",
  "timeline": {
    "incident": {
      "year": 2013
    }
  },
  "victim": {
    "country": [
      "AZ"
    ],
    "employee_count": "Unknown",
    "government": [
      "NA"
    ],
    "industry": "221118",
    "region": [
      "142145"
    ],
    "victim_id": "Azerenerji"
  }
}