{
  "action": {
    "physical": {
      "variety": [
        "Theft"
      ],
      "vector": [
        "Unknown"
      ]
    }
  },
  "actor": {
    "external": {
      "country": [
        "Unknown"
      ],
      "motive": [
        "Unknown"
      ],
      "region": [
        "000000"
      ],
      "variety": [
        "Unknown"
      ]
    }
  },
  "asset": {
    "assets": [
      {
        "variety": "U - Desktop"
      },
      {
        "variety": "U - Desktop or laptop"
      }
    ],
    "cloud": [
      "Unknown"
    ]
  },
  "attribute": {
    "availability": {
      "variety": [
        "Loss"
      ]
    },
    "confidentiality": {
      "data": [
        {
          "amount": 4243434,
          "variety": "Medical"
        }
      ],
      "data_disclosure": "Potentially",
      "data_total": 943434
    }
  },
  "discovery_method": {
    "unknown": true
  },
  "impact": {
    "overall_rating": "Unknown"
  },
  "incident_id": "002599D4-A872-433B-9980-BD9F257B283F",
  "plus": {
    "analysis_status": "First pass",
    "created": "2013-04-12T22:29:56Z",
    "master_id": "002599D4-A872-433B-9980-BD9F257B283F",
    "modified": "2014-04-27T19:37:01Z",
    "timeline": {
      "notification": {}
    }
  },
  "reference": "http://blog.trendmicro.com/sutter-health-sued-for-1-billion-following-data-breach/ (20140202)",
  "schema_version": "1.3.7",
  "security_incident": "Confirmed",
  "source_id": "vcdb",
  "summary": "A group of patients filed a class-action lawsuit against Sutter Health this week, after it was revealed a laptop containing information on more than 4 million patients was stolen from the headquarters of the Sutter Medical Foundation (SMF) in Natomas, California.",
  "timeline": {
    "discovery": {
      "unit": "Months",
      "value": 2
    },
    "incident": {
      "day": 8,
      "month": 12,
      "year": 2011
    }
  },
  "victim": {
    "country": [
      "US"
    ],
    "employee_count": "1 to 10",
    "government": [
      "NA"
    ],
    "industry": "813410",
    "region": [
      "019021"
    ],
    "state": "CA",
    "victim_id": "Sutter Medical Foundation"
  }
}