{
  "action": {
    "hacking": {
      "notes": "it was as easy as using a commonly used password, that is often the default code that never gets changed",
      "variety": [
        "Brute force"
      ],
      "vector": [
        "Web application"
      ]
    }
  },
  "actor": {
    "external": {
      "country": [
        "Unknown"
      ],
      "motive": [
        "Fun"
      ],
      "region": [
        "000000"
      ],
      "variety": [
        "Unknown",
        "Unaffiliated"
      ]
    }
  },
  "asset": {
    "assets": [
      {
        "variety": "S - Web application"
      }
    ],
    "cloud": [
      "Unknown"
    ]
  },
  "attribute": {
    "confidentiality": {
      "data": [
        {
          "variety": "Internal"
        },
        {
          "variety": "Other"
        }
      ],
      "data_disclosure": "Yes",
      "state": [
        "Stored"
      ]
    }
  },
  "discovery_method": {
    "external": {
      "variety": [
        "Actor disclosure"
      ]
    }
  },
  "discovery_notes": "The user who found the flaw showed off the unlimited access to the Journal de Montreal. Published screenshots show archived videos of various meetings",
  "impact": {
    "overall_rating": "Unknown"
  },
  "incident_id": "39B1FCE8-E94B-49DD-98AF-8B8E75F52F96",
  "plus": {
    "analysis_status": "Finalized",
    "analyst": "Robert-Topper",
    "attribute": {
      "confidentiality": {
        "credit_monitoring": "Unknown"
      }
    },
    "created": "2016-09-19T13:07:00Z",
    "dbir_year": 2017,
    "github": "7943",
    "master_id": "002FCB44-829E-405C-84D9-E685D7590FBC",
    "modified": "2016-11-11T15:20:00Z",
    "timeline": {
      "notification": {
        "month": 6,
        "year": 2016
      }
    }
  },
  "reference": "https://www.databreaches.net/quebec-liberals-strategy-meetings-were-leaking/",
  "schema_version": "1.3.7",
  "security_incident": "Confirmed",
  "source_id": "vcdb",
  "summary": "default password exploited",
  "timeline": {
    "incident": {
      "month": 6,
      "year": 2016
    }
  },
  "victim": {
    "country": [
      "CA"
    ],
    "employee_count": "1 to 10",
    "government": [
      "Unknown"
    ],
    "industry": "921110",
    "locations_affected": 1,
    "region": [
      "019021"
    ],
    "victim_id": "Quebec Liberals"
  }
}