{
  "action": {
    "physical": {
      "variety": [
        "Theft"
      ],
      "vector": [
        "Privileged access"
      ]
    }
  },
  "actor": {
    "internal": {
      "motive": [
        "Financial"
      ],
      "variety": [
        "Other"
      ]
    }
  },
  "asset": {
    "assets": [
      {
        "amount": 1,
        "variety": "M - Payment card"
      }
    ],
    "cloud": [
      "Unknown"
    ],
    "total_amount": 1
  },
  "attribute": {
    "availability": {
      "duration": {
        "unit": "Never"
      },
      "variety": [
        "Loss"
      ]
    },
    "confidentiality": {
      "data": [
        {
          "amount": 1,
          "variety": "Payment"
        }
      ],
      "data_disclosure": "Yes",
      "data_total": 1,
      "data_victim": [
        "Patient"
      ]
    }
  },
  "confidence": "Medium",
  "discovery_method": {
    "unknown": true
  },
  "incident_id": "d2f15020-8c28-11e7-944b-11adeb58a7b0",
  "plus": {
    "analysis_status": "Reviewed",
    "analyst": "Spitler",
    "created": "2017-10-23T23:45:56.347Z",
    "dbir_year": 2018,
    "event_chain": [
      {
        "action": "phy",
        "actor": "int",
        "asset": "med",
        "attribute": "cp"
      }
    ],
    "github": "9801",
    "master_id": "003c2a32-a95b-499b-9e9c-ea268df7bf1a",
    "modified": "2017-10-25T23:17:19.436Z",
    "sub_source": "phidbr"
  },
  "reference": "http://www.news5cleveland.com/news/local-news/cleveland-metro/local-nurse-charged-after-using-credit-card-stolen-from-patient",
  "schema_version": "1.3.7",
  "security_incident": "Confirmed",
  "source_id": "vcdb",
  "summary": "Nurse stole payment card from patient.",
  "timeline": {
    "incident": {
      "year": 2017
    }
  },
  "victim": {
    "country": [
      "US"
    ],
    "employee_count": "10001 to 25000",
    "government": [
      "NA"
    ],
    "industry": "622110",
    "region": [
      "019021"
    ],
    "state": "OH",
    "victim_id": "University Hospitals"
  }
}