{
  "action": {
    "error": {
      "variety": [
        "Gaffe"
      ],
      "vector": [
        "Carelessness"
      ]
    }
  },
  "actor": {
    "internal": {
      "motive": [
        "Other"
      ],
      "variety": [
        "Human resources"
      ]
    }
  },
  "asset": {
    "assets": [
      {
        "variety": "S - Mail"
      }
    ],
    "cloud": [
      "Unknown"
    ],
    "total_amount": 1
  },
  "attribute": {
    "confidentiality": {
      "data": [
        {
          "variety": "Other"
        }
      ],
      "data_disclosure": "Potentially",
      "data_victim": [
        "Patient"
      ],
      "state": [
        "Transmitted"
      ]
    }
  },
  "confidence": "Medium",
  "discovery_method": {
    "internal": {
      "variety": [
        "Unknown"
      ]
    }
  },
  "incident_id": "f711e1f0-a38d-11e7-a67b-81fbdaca3f85",
  "plus": {
    "analysis_status": "Reviewed",
    "analyst": "cdander",
    "attack_difficulty_initial": "Not Applicable",
    "attack_difficulty_legacy": "Not Applicable",
    "attack_difficulty_subsequent": "Not Applicable",
    "created": "2017-10-26T14:33:48Z",
    "dbir_year": 2018,
    "event_chain": [
      {
        "action": "err",
        "actor": "int",
        "asset": "srv",
        "attribute": "cp",
        "summary": "Data breach made public, Ridgeview says it exposed some email addresses"
      }
    ],
    "github": "10164",
    "master_id": "004a9681-f5bb-4c26-9972-97969fcdf2b0",
    "modified": "2017-10-26T14:33:48Z",
    "sub_source": "phidbr"
  },
  "reference": "http://lakerpioneer.com/2017/09/17/data-breach-made-public-ridgeview-says-it-exposed-some-email-addresses/",
  "schema_version": "1.3.7",
  "security_incident": "Confirmed",
  "source_id": "vcdb",
  "summary": "Data breach made public, Ridgeview Medical Center says it exposed some email addresses",
  "timeline": {
    "containment": {
      "unit": "Days",
      "value": 2
    },
    "discovery": {
      "unit": "Days",
      "value": 2
    },
    "incident": {
      "month": 7,
      "year": 2017
    }
  },
  "victim": {
    "country": [
      "US"
    ],
    "employee_count": "1001 to 10000",
    "government": [
      "NA"
    ],
    "industry": "622110",
    "locations_affected": 1,
    "region": [
      "019021"
    ],
    "secondary": {
      "amount": 1,
      "victim_id": [
        "Ridgeview Medical Center"
      ]
    },
    "state": "Minnesota",
    "victim_id": "Ridgeview Medical Center"
  }
}