{
  "action": {
    "misuse": {
      "variety": [
        "Knowledge abuse"
      ],
      "vector": [
        "Physical access"
      ]
    }
  },
  "actor": {
    "internal": {
      "motive": [
        "Unknown",
        "Financial"
      ],
      "variety": [
        "Unknown"
      ]
    }
  },
  "asset": {
    "assets": [
      {
        "variety": "M - Documents"
      }
    ],
    "cloud": [
      "Unknown"
    ]
  },
  "attribute": {
    "confidentiality": {
      "data": [
        {
          "variety": "Personal"
        }
      ],
      "data_disclosure": "Yes",
      "data_victim": [
        "Customer"
      ],
      "state": [
        "Processed"
      ]
    }
  },
  "discovery_method": {
    "external": {
      "variety": [
        "Law enforcement"
      ]
    }
  },
  "impact": {
    "overall_rating": "Unknown"
  },
  "incident_id": "8FBEA369-41C5-408B-895F-5F4E5D27965C",
  "plus": {
    "analysis_status": "Finalized",
    "analyst": "Robert-Topper",
    "attribute": {
      "confidentiality": {
        "credit_monitoring": "Unknown",
        "data_abuse": "Yes"
      }
    },
    "created": "2016-09-09T16:34:00Z",
    "dbir_year": 2017,
    "github": "8128",
    "master_id": "00C8C622-32DD-4EA6-94EB-5DCF1037EEAB",
    "modified": "2016-11-11T17:35:00Z",
    "timeline": {
      "notification": {
        "year": 2016
      }
    }
  },
  "reference": "https://www.databreaches.net/mo-alleged-identity-thieves-target-local-car-dealership-customers/",
  "schema_version": "1.3.7",
  "security_incident": "Confirmed",
  "source_id": "vcdb",
  "summary": "identity theft at car dealership",
  "timeline": {
    "incident": {
      "year": 2016
    }
  },
  "victim": {
    "country": [
      "US"
    ],
    "employee_count": "Unknown",
    "government": [
      "NA"
    ],
    "industry": "441120",
    "region": [
      "019021"
    ],
    "state": "MO"
  }
}