{
  "action": {
    "error": {
      "variety": [
        "Unknown"
      ],
      "vector": [
        "Unknown"
      ]
    }
  },
  "actor": {
    "unknown": {}
  },
  "asset": {
    "assets": [
      {
        "variety": "S - Database"
      }
    ],
    "cloud": [
      "Unknown"
    ]
  },
  "attribute": {
    "availability": {
      "variety": [
        "Loss"
      ]
    }
  },
  "discovery_method": {
    "unknown": true
  },
  "impact": {
    "overall_rating": "Unknown"
  },
  "incident_id": "0FB4F810-23B6-49AD-8951-6F574EF88954",
  "plus": {
    "analysis_status": "Finalized",
    "analyst": "Robert-Topper",
    "created": "2016-09-15T19:16:00Z",
    "dbir_year": 2017,
    "github": "6784",
    "master_id": "00D7C356-46AB-442E-A875-FD54A66CC8AD",
    "modified": "2016-09-15T19:23:00Z",
    "timeline": {
      "notification": {
        "day": 18,
        "month": 11,
        "year": 2015
      }
    }
  },
  "reference": "http://www.databreaches.net/nv-ccsd-magnet-school-website-experiences-data-loss/; http://www.ktnv.com/news/education/ccsd-magnet-school-site-experiences-data-loss",
  "schema_version": "1.3.7",
  "security_incident": "Confirmed",
  "source_id": "vcdb",
  "summary": "lost data on two days on the website",
  "timeline": {
    "incident": {
      "day": 17,
      "month": 11,
      "year": 2015
    }
  },
  "victim": {
    "country": [
      "US"
    ],
    "employee_count": "25001 to 50000",
    "government": [
      "NA"
    ],
    "industry": "611111",
    "locations_affected": 1,
    "region": [
      "019021"
    ],
    "state": "NV",
    "victim_id": "Clark County school District"
  }
}