{
  "action": {
    "hacking": {
      "cve": "",
      "variety": [
        "Unknown"
      ],
      "vector": [
        "Web application"
      ]
    }
  },
  "actor": {
    "external": {
      "country": [
        "US"
      ],
      "motive": [
        "Ideology"
      ],
      "notes": "Anonymous",
      "region": [
        "019021"
      ],
      "variety": [
        "Activist"
      ]
    }
  },
  "asset": {
    "assets": [
      {
        "variety": "S - Web application"
      }
    ],
    "cloud": [
      "Unknown"
    ]
  },
  "attribute": {
    "availability": {
      "duration": {
        "unit": "Unknown"
      },
      "notes": "rm -fr prior to defacement.",
      "variety": [
        "Destruction"
      ]
    },
    "confidentiality": {
      "data": [
        {
          "variety": "Personal"
        },
        {
          "variety": "Internal"
        },
        {
          "variety": "System"
        }
      ],
      "data_disclosure": "Yes",
      "data_victim": [
        "Partner"
      ],
      "notes": "Employee and client data.",
      "state": [
        "Stored unencrypted"
      ]
    },
    "integrity": {
      "notes": "site defacement",
      "variety": [
        "Modify configuration",
        "Modify data",
        "Defacement"
      ]
    }
  },
  "discovery_method": {
    "external": {
      "variety": [
        "Actor disclosure"
      ]
    }
  },
  "impact": {
    "loss": [
      {
        "rating": "Moderate",
        "variety": "Brand damage"
      },
      {
        "rating": "Moderate",
        "variety": "Response and recovery"
      }
    ],
    "overall_rating": "Unknown"
  },
  "incident_id": "00EC558C-0CB9-4574-9187-9A483335EF84",
  "plus": {
    "analysis_status": "First pass",
    "analyst": "Splitler",
    "asset": {
      "total": "No"
    },
    "attribute": {
      "confidentiality": {
        "credit_monitoring": "Unknown",
        "data_abuse": "Yes"
      }
    },
    "created": "2013-02-19T03:01:03Z",
    "master_id": "00EC558C-0CB9-4574-9187-9A483335EF84",
    "modified": "2014-05-18T15:34:56Z",
    "timeline": {
      "notification": {
        "day": 14,
        "month": 2,
        "year": 2012
      }
    }
  },
  "reference": "http://www.examiner.com/article/anonymous-strikes-war-profiteering-tear-gas-manufacturer-combined-systems",
  "schema_version": "1.3.7",
  "security_incident": "Confirmed",
  "source_id": "vcdb",
  "summary": "Anonymous compromises web server and replaces w/ propaganda video.",
  "timeline": {
    "compromise": {
      "unit": "Unknown"
    },
    "containment": {
      "unit": "Unknown"
    },
    "discovery": {
      "unit": "Unknown"
    },
    "exfiltration": {
      "unit": "Unknown"
    },
    "incident": {
      "day": 14,
      "month": 2,
      "year": 2012
    }
  },
  "victim": {
    "country": [
      "US"
    ],
    "employee_count": "101 to 1000",
    "government": [
      "NA"
    ],
    "industry": "332993",
    "region": [
      "019021"
    ],
    "state": "PA",
    "victim_id": "Combined Systems"
  }
}