{
  "action": {
    "error": {
      "variety": [
        "Misconfiguration"
      ],
      "vector": [
        "Unknown"
      ]
    }
  },
  "actor": {
    "internal": {
      "motive": [
        "NA"
      ],
      "variety": [
        "System admin"
      ]
    }
  },
  "asset": {
    "assets": [
      {
        "amount": 1,
        "variety": "S - Database"
      }
    ],
    "cloud": [
      "Unknown"
    ],
    "country": [
      "US"
    ],
    "notes": "elastic search",
    "total_amount": 1
  },
  "attribute": {
    "confidentiality": {
      "data": [
        {
          "amount": 20800000,
          "variety": "Personal"
        },
        {
          "variety": "Bank"
        }
      ],
      "data_disclosure": "Yes",
      "data_total": 20800000,
      "data_victim": [
        "Other"
      ],
      "state": [
        "Stored unencrypted"
      ]
    }
  },
  "confidence": "High",
  "discovery_method": {
    "external": {
      "variety": [
        "Security researcher"
      ]
    }
  },
  "impact": {
    "loss": [
      {
        "rating": "Major",
        "variety": "Brand damage"
      },
      {
        "rating": "Major",
        "variety": "Legal and regulatory"
      }
    ],
    "notes": "Company Executive arrested",
    "overall_rating": "Damaging"
  },
  "incident_id": "5ed1e620-e458-11e9-a93a-d3a3d34c5869",
  "plus": {
    "analysis_status": "Reviewed",
    "analyst": "gbassett",
    "attribute": {
      "confidentiality": {
        "data_abuse": "No"
      }
    },
    "created": "2019-10-01T19:54:50.000Z",
    "dbir_year": 2020,
    "event_chain": [
      {
        "action": "err",
        "actor": "int",
        "asset": "srv",
        "attribute": "cp"
      }
    ],
    "github": "14163",
    "master_id": "00f9b215-9058-483b-a226-56be3ce77b49",
    "modified": "2019-10-01T19:54:50.000Z",
    "sub_source": "priority"
  },
  "reference": "https://www.theinquirer.net/inquirer/news/3081589/creepy-data-on-nearly-every-one-of-ecuadors-citizens-has-leaked,https://www.miamiherald.com/news/nation-world/world/americas/article235137087.html,https://www.forbes.com/sites/daveywinder/2019/09/16/personal-data-from-entire-166m-population-of-ecuador-leaked-online/#5aad04393705,https://www.verdict.co.uk/ecuador-data-breach-assange/,https://www.databreaches.net/arrest-made-in-ecuadors-massive-data-breach/",
  "schema_version": "1.3.7",
  "security_incident": "Confirmed",
  "source_id": "vcdb",
  "summary": "Database left online.",
  "targeted": "Opportunistic",
  "timeline": {
    "compromise": {
      "unit": "Hours"
    },
    "containment": {
      "unit": "Days"
    },
    "discovery": {
      "unit": "Weeks"
    },
    "exfiltration": {
      "unit": "Minutes"
    },
    "incident": {
      "month": 9,
      "year": 2019
    }
  },
  "victim": {
    "country": [
      "EC"
    ],
    "employee_count": "Small",
    "government": [
      "NA"
    ],
    "industry": "518210",
    "locations_affected": 1,
    "region": [
      "019005"
    ],
    "secondary": {
      "amount": 1,
      "victim_id": [
        "Ecuador\u2019s Social Security Institute Bank,"
      ]
    },
    "victim_id": "Novaestrat"
  }
}