{
  "action": {
    "physical": {
      "variety": [
        "Theft"
      ],
      "vector": [
        "Personal vehicle"
      ]
    }
  },
  "actor": {
    "external": {
      "country": [
        "Unknown"
      ],
      "motive": [
        "Financial"
      ],
      "region": [
        "000000"
      ],
      "variety": [
        "Unknown"
      ]
    }
  },
  "asset": {
    "assets": [
      {
        "variety": "U - Laptop"
      },
      {
        "variety": "U - Desktop or laptop"
      }
    ],
    "cloud": [
      "Unknown"
    ]
  },
  "attribute": {
    "availability": {
      "variety": [
        "Loss"
      ]
    },
    "confidentiality": {
      "data": [
        {
          "variety": "Personal"
        }
      ],
      "data_disclosure": "Potentially",
      "data_victim": [
        "Partner"
      ],
      "state": [
        "Stored unencrypted"
      ]
    }
  },
  "discovery_method": {
    "internal": {
      "variety": [
        "Reported by employee"
      ]
    }
  },
  "impact": {
    "overall_rating": "Unknown"
  },
  "incident_id": "014876A1-AC39-452B-91CC-C714C3F1D79D",
  "plus": {
    "analysis_status": "First pass",
    "analyst": "swidup",
    "asset": {
      "total": "No"
    },
    "attribute": {
      "confidentiality": {
        "credit_monitoring": "Unknown",
        "data_abuse": "Unknown"
      }
    },
    "created": "2013-02-16T23:36:48Z",
    "master_id": "014876A1-AC39-452B-91CC-C714C3F1D79D",
    "modified": "2014-05-10T00:58:18Z",
    "timeline": {
      "notification": {
        "day": 28,
        "month": 11,
        "year": 2012
      }
    }
  },
  "reference": "http://latimesblogs.latimes.com/lanow/2012/11/jpl-workers-call-for-probe-into-nasa-personal-data-breach.html ",
  "schema_version": "1.3.7",
  "security_incident": "Confirmed",
  "source_id": "vcdb",
  "summary": "On Oct. 31, a NASA laptop was stolen from a parked car in Washington, D.C. NASA workers whose unencrypted information was on that computer were not immediately informed, but have since received notification from the space agency that data gathered for background checks conducted on them by the Department of Homeland Security had been compromised.",
  "timeline": {
    "incident": {
      "year": 2012
    }
  },
  "victim": {
    "country": [
      "US"
    ],
    "employee_count": "101 to 1000",
    "government": [
      "Unknown"
    ],
    "industry": "927110",
    "region": [
      "019021"
    ],
    "state": "CA",
    "victim_id": "NASA Jet Propulsion Laboratory"
  }
}