{
  "action": {
    "error": {
      "variety": [
        "Disposal error"
      ],
      "vector": [
        "Carelessness"
      ]
    }
  },
  "actor": {
    "internal": {
      "motive": [
        "NA"
      ],
      "variety": [
        "Unknown"
      ]
    }
  },
  "asset": {
    "assets": [
      {
        "variety": "M - Documents"
      }
    ],
    "cloud": [
      "Unknown"
    ]
  },
  "attribute": {
    "confidentiality": {
      "data": [
        {
          "variety": "Medical"
        },
        {
          "variety": "Personal"
        }
      ],
      "data_disclosure": "Yes",
      "data_victim": [
        "Patient"
      ],
      "state": [
        "Stored unencrypted"
      ]
    }
  },
  "discovery_method": {
    "external": {
      "variety": [
        "Found documents"
      ]
    }
  },
  "discovery_notes": "records have been found laying on the ground.",
  "impact": {
    "overall_rating": "Unknown"
  },
  "incident_id": "0CB8E68F-6F9D-4A32-97E3-F73B5D7C110E",
  "plus": {
    "analysis_status": "Finalized",
    "analyst": "Robert-Topper",
    "attribute": {
      "confidentiality": {
        "credit_monitoring": "Unknown"
      }
    },
    "created": "2016-08-31T19:10:00Z",
    "dbir_year": 2016,
    "github": "5505",
    "master_id": "01794C8F-F8C8-4386-A9AA-D6F848ABC3BE",
    "modified": "2016-11-13T04:06:00Z",
    "sub_source": "phidbr",
    "timeline": {
      "notification": {
        "day": 18,
        "month": 2,
        "year": 2015
      }
    }
  },
  "reference": "http://www.cbc.ca/news/canada/toronto/medical-records-found-outdoors-in-richmond-hill-1.2962655",
  "schema_version": "1.3.7",
  "security_incident": "Confirmed",
  "source_id": "vcdb",
  "summary": "medical records disposed improperly",
  "timeline": {
    "incident": {
      "month": 2,
      "year": 2015
    }
  },
  "victim": {
    "country": [
      "CA"
    ],
    "employee_count": "1001 to 10000",
    "government": [
      "NA"
    ],
    "industry": "622110",
    "locations_affected": 1,
    "region": [
      "019021"
    ],
    "victim_id": "Mackenzie Health"
  }
}