{
  "action": {
    "error": {
      "variety": [
        "Misconfiguration"
      ],
      "vector": [
        "Unknown"
      ]
    }
  },
  "actor": {
    "internal": {
      "motive": [
        "Unknown"
      ],
      "variety": [
        "System admin"
      ]
    },
    "partner": {
      "country": [
        "Unknown",
        "US"
      ],
      "industry": "541511",
      "motive": [
        "Unknown",
        "NA"
      ],
      "notes": "Maximum Solutions, Inc.",
      "region": [
        "019021"
      ]
    }
  },
  "asset": {
    "assets": [
      {
        "variety": "S - Web application"
      }
    ],
    "cloud": [
      "Unknown"
    ]
  },
  "attribute": {
    "confidentiality": {
      "data": [
        {
          "amount": 140,
          "variety": "Personal"
        }
      ],
      "data_disclosure": "Yes",
      "data_total": 140,
      "state": [
        "Stored unencrypted"
      ]
    }
  },
  "discovery_method": {
    "external": {
      "variety": [
        "Customer"
      ]
    }
  },
  "impact": {
    "overall_rating": "Unknown"
  },
  "incident_id": "019490BF-0B7D-4AE6-A76F-9CBFC552C035",
  "plus": {
    "analysis_status": "Finalized",
    "analyst": "Spitler",
    "attribute": {
      "confidentiality": {
        "credit_monitoring": "Unknown"
      }
    },
    "created": "2016-02-02T14:09:00Z",
    "dbir_year": 2016,
    "github": "6853",
    "master_id": "019490BF-0B7D-4AE6-A76F-9CBFC552C035",
    "modified": "2016-02-02T14:09:00Z",
    "timeline": {
      "notification": {
        "day": 18,
        "month": 12,
        "year": 2015
      }
    }
  },
  "reference": "http://www.cbc.ca/news/canada/windsor/lasalle-privacy-breach-1.3372304?cmp=rss",
  "schema_version": "1.3.7",
  "security_incident": "Confirmed",
  "source_id": "vcdb",
  "summary": "Town of LaSalle exposed PII of residents with poorly constructed web site.",
  "timeline": {
    "compromise": {
      "unit": "NA"
    },
    "containment": {
      "unit": "Days"
    },
    "discovery": {
      "unit": "Days"
    },
    "exfiltration": {
      "unit": "NA"
    },
    "incident": {
      "day": 8,
      "month": 12,
      "year": 2015
    }
  },
  "victim": {
    "country": [
      "CA"
    ],
    "employee_count": "Large",
    "government": [
      "Unknown"
    ],
    "industry": "92",
    "region": [
      "019021"
    ],
    "victim_id": "Town of LaSalle"
  }
}