{
  "action": {
    "error": {
      "variety": [
        "Publishing error"
      ],
      "vector": [
        "Unknown"
      ]
    }
  },
  "actor": {
    "internal": {
      "job_change": [
        "Let go"
      ],
      "motive": [
        "NA"
      ],
      "variety": [
        "Unknown",
        "Auditor"
      ]
    }
  },
  "asset": {
    "assets": [
      {
        "variety": "S - Database"
      }
    ],
    "cloud": [
      "Unknown"
    ]
  },
  "attribute": {
    "confidentiality": {
      "data": [
        {
          "amount": 185,
          "variety": "Personal"
        }
      ],
      "data_disclosure": "Yes",
      "data_total": 185,
      "data_victim": [
        "Employee"
      ],
      "state": [
        "Unknown"
      ]
    }
  },
  "discovery_method": {
    "internal": {
      "variety": [
        "It review"
      ]
    }
  },
  "impact": {
    "overall_rating": "Unknown"
  },
  "incident_id": "82902FE5-A498-4159-B2BC-38AC5C1A2884",
  "plus": {
    "analysis_status": "Finalized",
    "analyst": "Robert-Topper",
    "attribute": {
      "confidentiality": {
        "credit_monitoring": "Unknown"
      }
    },
    "created": "2016-10-06T14:05:00Z",
    "dbir_year": 2016,
    "github": "8111",
    "master_id": "01C57DBA-CF31-47D1-B6DE-D208F9E1E861",
    "modified": "2016-10-06T14:13:00Z",
    "sub_source": "phidbr",
    "timeline": {
      "notification": {
        "day": 14,
        "month": 7,
        "year": 2015
      }
    }
  },
  "reference": "http://www.chicagotribune.com/lifestyles/health/sns-bc-mt--records-breach-20160714-story.html",
  "schema_version": "1.3.7",
  "security_incident": "Confirmed",
  "source_id": "vcdb",
  "summary": "unauthorized PII in email",
  "timeline": {
    "incident": {
      "month": 2,
      "year": 2015
    }
  },
  "victim": {
    "country": [
      "US"
    ],
    "employee_count": "101 to 1000",
    "government": [
      "Unknown"
    ],
    "industry": "921110",
    "locations_affected": 1,
    "region": [
      "019021"
    ],
    "state": "MO",
    "victim_id": "Montana Department of Public Health and Human Services"
  }
}