{
  "action": {
    "social": {
      "result": [
        "Exfiltrate"
      ],
      "target": [
        "Other"
      ],
      "variety": [
        "Phishing"
      ],
      "vector": [
        "Email"
      ]
    }
  },
  "actor": {
    "external": {
      "country": [
        "Unknown"
      ],
      "motive": [
        "Financial"
      ],
      "region": [
        "000000"
      ],
      "variety": [
        "Unaffiliated"
      ]
    }
  },
  "asset": {
    "assets": [
      {
        "amount": 1,
        "variety": "S - Database"
      },
      {
        "variety": "P - Other"
      }
    ],
    "cloud": [
      "Unknown"
    ],
    "country": [
      "US"
    ],
    "hosting": [
      "External - unknown environment"
    ],
    "management": [
      "External"
    ],
    "total_amount": 1
  },
  "attribute": {
    "confidentiality": {
      "data": [
        {
          "amount": 17000,
          "variety": "Personal"
        }
      ],
      "data_disclosure": "Yes",
      "data_total": 17000,
      "data_victim": [
        "Employee"
      ],
      "state": [
        "Stored"
      ]
    },
    "integrity": {
      "variety": [
        "Alter behavior"
      ]
    }
  },
  "confidence": "High",
  "discovery_method": {
    "external": {
      "variety": [
        "Customer"
      ]
    }
  },
  "incident_id": "5fce78c0-e35d-11e7-bf7a-0771e1cc9602",
  "plus": {
    "analysis_status": "Reviewed",
    "analyst": "swidup",
    "attribute": {
      "confidentiality": {
        "data_abuse": "Yes"
      }
    },
    "created": "2017-12-18T03:12:28.285Z",
    "dbir_year": 2018,
    "github": "9253",
    "master_id": "02ad5201-cbd8-4e8e-b390-9a5096c261bf",
    "modified": "2017-12-18T03:12:28.285Z",
    "sub_source": "phidbr"
  },
  "reference": "http://www.indystar.com/story/news/crime/2017/02/20/american-senior-communities-falls-victim-w-2-scam/98161910/",
  "schema_version": "1.3.7",
  "security_incident": "Confirmed",
  "source_id": "vcdb",
  "summary": "Nursing home chain American Senior Communities is the latest Central Indiana employer to fall victim to an email scam targeting W-2 tax forms, affecting all of the company's more than 17,000 employees, a company spokesperson confirmed.",
  "targeted": "Targeted",
  "timeline": {
    "discovery": {
      "unit": "Weeks",
      "value": 4
    },
    "incident": {
      "month": 1,
      "year": 2017
    }
  },
  "value_chain": {
    "development": {
      "notes": "VERIS 1.3.6: value_chain.development.variety.Email added because action.social.vector.Email exists.",
      "variety": [
        "Email"
      ]
    },
    "distribution": {
      "notes": "VERIS 1.3.6: value_chain.distribution.variety.Email added because action.social.vector.Email exists.",
      "variety": [
        "Email"
      ]
    },
    "targeting": {
      "notes": "VERIS 1.3.6: value_chain.targeting.variety.Email addresses added because action.social.vector.Email exists.",
      "variety": [
        "Email addresses"
      ]
    }
  },
  "victim": {
    "country": [
      "US"
    ],
    "employee_count": "10001 to 25000",
    "government": [
      "NA"
    ],
    "industry": "623110",
    "region": [
      "019021"
    ],
    "state": "IN",
    "victim_id": "American Senior Communities"
  }
}