{
  "action": {
    "error": {
      "variety": [
        "Loss"
      ],
      "vector": [
        "Unknown"
      ]
    }
  },
  "actor": {
    "partner": {
      "country": [
        "US"
      ],
      "industry": "493110",
      "motive": [
        "NA"
      ],
      "region": [
        "019021"
      ]
    }
  },
  "asset": {
    "assets": [
      {
        "amount": 715,
        "variety": "M - Documents"
      }
    ],
    "cloud": [
      "Unknown"
    ],
    "total_amount": 715
  },
  "attribute": {
    "availability": {
      "duration": {
        "unit": "Never"
      },
      "variety": [
        "Loss"
      ]
    },
    "confidentiality": {
      "data": [
        {
          "amount": 715,
          "variety": "Medical"
        },
        {
          "amount": 715,
          "variety": "Personal"
        }
      ],
      "data_disclosure": "Yes",
      "data_total": 715,
      "data_victim": [
        "Patient"
      ],
      "state": [
        "Printed"
      ]
    }
  },
  "discovery_method": {
    "internal": {
      "variety": [
        "Unknown"
      ]
    }
  },
  "incident_id": "74700250-9747-11e8-8342-0f8f10fcd812",
  "plus": {
    "analysis_status": "First pass",
    "analyst": "jasoncmiller79",
    "created": "2018-08-03T22:13:11.023Z",
    "dbir_year": 2019,
    "event_chain": [
      {
        "action": "err",
        "actor": "prt",
        "asset": "med",
        "attribute": "au",
        "summary": "Loss"
      }
    ],
    "master_id": "02b92a22-55dd-4696-ae2d-10fd67ca4e7c",
    "modified": "2018-08-28T18:16:40.099Z"
  },
  "reference": "http://www.kezi.com/content/news/700-patients-medical-records-lost-possibly-destroyed--489095871.html",
  "schema_version": "1.3.7",
  "security_incident": "Confirmed",
  "source_id": "vcdb",
  "summary": "Lane County Health and Human Services announced the loss of 49 boxes containing patient and client information Tuesday night.  The boxes contained 566 Community Health Centers of Lane County patient medical information files and 149 Lane County Developmental Disabilities client files. Those files included medical histories, addresses, contact information and social security numbers.",
  "targeted": "NA",
  "timeline": {
    "discovery": {
      "unit": "Months"
    },
    "incident": {
      "year": 2017
    }
  },
  "victim": {
    "country": [
      "US"
    ],
    "employee_count": "Unknown",
    "government": [
      "Unknown"
    ],
    "industry": "923120",
    "region": [
      "019021"
    ],
    "state": "OR",
    "victim_id": "Lane County Health and Human Services"
  }
}