{
  "action": {
    "unknown": {}
  },
  "actor": {
    "unknown": {}
  },
  "asset": {
    "assets": [
      {
        "variety": "M - Documents"
      }
    ],
    "cloud": [
      "Unknown"
    ]
  },
  "attribute": {
    "confidentiality": {
      "data": [
        {
          "amount": 1015,
          "variety": "Medical"
        }
      ],
      "data_disclosure": "Yes",
      "data_total": 1015,
      "data_victim": [
        "Patient"
      ],
      "state": [
        "Stored unencrypted"
      ]
    }
  },
  "discovery_method": {
    "unknown": true
  },
  "impact": {
    "overall_rating": "Unknown"
  },
  "incident_id": "02DEA9F3-5F14-4983-832B-62858B8AC982",
  "plus": {
    "analysis_status": "First pass",
    "analyst": "swidup",
    "attribute": {
      "confidentiality": {
        "credit_monitoring": "Unknown"
      }
    },
    "created": "2013-11-15T22:59:00Z",
    "master_id": "02DEA9F3-5F14-4983-832B-62858B8AC982",
    "modified": "2014-05-10T00:58:18Z",
    "timeline": {
      "notification": {
        "day": 13,
        "month": 11,
        "year": 2013
      }
    }
  },
  "reference": "http://www.hhs.gov/ocr/privacy/hipaa/administrative/breachnotificationrule/HealthInfoBreaches.csv; http://www.phiprivacy.net/and-yet-9-more-breaches-added-to-hhss-breach-tool/",
  "schema_version": "1.3.7",
  "security_incident": "Confirmed",
  "source_id": "vcdb",
  "summary": "An undisclosed event involving paper documents exposes 1,015 patient records.",
  "timeline": {
    "incident": {
      "day": 16,
      "month": 9,
      "year": 2013
    }
  },
  "victim": {
    "country": [
      "US"
    ],
    "employee_count": "101 to 1000",
    "government": [
      "NA"
    ],
    "industry": "524114",
    "region": [
      "019021"
    ],
    "state": "WA",
    "victim_id": "Group Health Cooperative"
  }
}