{
  "action": {
    "error": {
      "variety": [
        "Misdelivery"
      ],
      "vector": [
        "Unknown"
      ]
    }
  },
  "actor": {
    "external": {
      "country": [
        "Unknown"
      ],
      "motive": [
        "Unknown"
      ],
      "region": [
        "000000"
      ],
      "variety": [
        "Unknown"
      ]
    },
    "internal": {
      "motive": [
        "NA"
      ],
      "variety": [
        "Unknown"
      ]
    }
  },
  "asset": {
    "assets": [
      {
        "variety": "M - Documents"
      }
    ],
    "cloud": [
      "Unknown"
    ]
  },
  "attribute": {
    "confidentiality": {
      "data": [
        {
          "amount": 2373,
          "variety": "Personal"
        }
      ],
      "data_disclosure": "Yes",
      "data_total": 2373,
      "data_victim": [
        "Employee"
      ],
      "state": [
        "Unknown"
      ]
    }
  },
  "discovery_method": {
    "external": {
      "variety": [
        "Customer"
      ]
    }
  },
  "impact": {
    "overall_rating": "Unknown"
  },
  "incident_id": "37A8FDF0-7D05-4A05-846A-A4FAD558E2F0",
  "plus": {
    "analysis_status": "Finalized",
    "analyst": "Spitler",
    "attribute": {
      "confidentiality": {
        "credit_monitoring": "Unknown"
      }
    },
    "created": "2016-08-02T15:06:00Z",
    "dbir_year": 2017,
    "github": "7389",
    "master_id": "03AFBC73-DD7B-4D1C-BFAF-68DF860A6D10",
    "modified": "2016-08-02T15:14:00Z",
    "sub_source": "phidbr",
    "timeline": {
      "notification": {
        "day": 17,
        "month": 2,
        "year": 2016
      }
    }
  },
  "reference": "http://www.databreaches.net/laborers-health-welfare-trust-fund-for-northern-california-members-notified-of-hipaa-breach/",
  "schema_version": "1.3.7",
  "security_incident": "Confirmed",
  "source_id": "vcdb",
  "summary": "MIsdelivery of mailed docs.",
  "timeline": {
    "compromise": {
      "unit": "NA"
    },
    "discovery": {
      "unit": "Days"
    },
    "exfiltration": {
      "unit": "NA"
    },
    "incident": {
      "day": 17,
      "month": 2,
      "year": 2016
    }
  },
  "victim": {
    "country": [
      "US"
    ],
    "employee_count": "11 to 100",
    "government": [
      "NA"
    ],
    "industry": "525110",
    "region": [
      "019021"
    ],
    "victim_id": "Laborers' Health & Welfare Trust Fund for Northern California"
  }
}