{
  "action": {
    "misuse": {
      "variety": [
        "Privilege abuse"
      ],
      "vector": [
        "Remote access"
      ]
    }
  },
  "actor": {
    "partner": {
      "country": [
        "Unknown",
        "IN"
      ],
      "industry": "518",
      "motive": [
        "Unknown",
        "Espionage"
      ],
      "notes": "Tata Consultancy Services (TCS)",
      "region": [
        "142034"
      ]
    }
  },
  "asset": {
    "assets": [
      {
        "variety": "S - File"
      }
    ],
    "cloud": [
      "Unknown"
    ]
  },
  "attribute": {
    "confidentiality": {
      "data": [
        {
          "amount": 8164,
          "variety": "Secrets"
        }
      ],
      "data_disclosure": "Yes",
      "data_total": 8164,
      "data_victim": [
        "Other"
      ],
      "state": [
        "Stored"
      ]
    }
  },
  "discovery_method": {
    "internal": {
      "variety": [
        "Unknown"
      ]
    }
  },
  "discovery_notes": "In June 2014, Epic Systems Corp. in Verona received an email that no software company can ignore: Employees of a company working for one of its customers had gained unauthorized access to a restricted website and may have stolen documents that contained trade secrets.",
  "impact": {
    "iso_currency_code": "USD",
    "loss": [
      {
        "amount": 940000000,
        "variety": "Legal and regulatory"
      }
    ],
    "notes": "A Wisconsin federal jury on Friday slapped a $940 million penalty, including $700 million in punitive damages, on Tata Consultancy Services (TCS) for allegedly stealing healthcare software from an American company, Epic Systems.;",
    "overall_amount": 940000000,
    "overall_rating": "Unknown"
  },
  "incident_id": "1AFC55DA-F781-4E3B-B8FE-DF0CEB402A56",
  "plus": {
    "analysis_status": "Finalized",
    "analyst": "swidup",
    "attribute": {
      "confidentiality": {
        "credit_monitoring": "Unknown",
        "data_abuse": "Yes"
      }
    },
    "created": "2016-09-08T20:22:00Z",
    "dbir_year": 2016,
    "github": "7708",
    "master_id": "03DADCC5-8BCE-4CCD-BCAD-58609394620D",
    "modified": "2016-09-08T20:39:00Z",
    "timeline": {
      "notification": {
        "year": 2015
      }
    }
  },
  "reference": "https://www.databreaches.net/us-jury-fines-tata-consultancy-services-940m-for-healthcare-software-theft/; http://health.economictimes.indiatimes.com/news/health-it/us-jury-fines-tcs-940m-for-healthcare-software-theft/51861855; http://www.jsonline.com/business/email-from-insider-led-to-epic-systems-940-million-legal-win-b99713998z1-377754071.html",
  "schema_version": "1.3.7",
  "security_incident": "Confirmed",
  "source_id": "vcdb",
  "summary": "In all, Epic alleged that Tata Consultancy employees downloaded 1,687 files containing 6,477 documents. Tata Consultancy contends the documents were user guides and training manuals. But 36 of the files allegedly contained trade secrets.  Those files could save Tata Consultancy tens of millions of dollars in improving its own system for electronic health records that it sells in India and plans to sell in other countries in the developing world.  Epic doesn't allege that Tata Consultancy stole the so-called source code at the core of the system. That's copyrighted. But some of the documents allegedly stolen outline the design of parts of Epic's system, and that can have more value than the code itself.  Epic Systems, a US-based electronics medical records vendor, had accused TCS of stealing documents and other confidential information tied to the software it builds for healthcare companies to manage billing, insurance benefits management and referral services.  It said a TCS employee reviewed Epic's intellectual property under the pretence of doing consulting work for Kaiser Permanente, the largest managed health care company in the U.S, and in doing so downloaded Epic's proprietary software to help build a rival system.",
  "timeline": {
    "discovery": {
      "unit": "Years",
      "value": 9.0
    },
    "incident": {
      "year": 2005
    }
  },
  "victim": {
    "country": [
      "US"
    ],
    "employee_count": "1001 to 10000",
    "government": [
      "NA"
    ],
    "industry": "511210",
    "region": [
      "019021"
    ],
    "state": "WI",
    "victim_id": "Epic Systems"
  }
}