{
  "action": {
    "physical": {
      "result": [
        "Deploy payload",
        "Exfiltrate"
      ],
      "variety": [
        "Skimmer"
      ],
      "vector": [
        "Victim public area"
      ]
    }
  },
  "actor": {
    "external": {
      "country": [
        "Unknown"
      ],
      "motive": [
        "Financial"
      ],
      "region": [
        "000000"
      ],
      "variety": [
        "Organized crime"
      ]
    }
  },
  "asset": {
    "assets": [
      {
        "amount": 2,
        "variety": "T - Gas terminal"
      }
    ],
    "cloud": [
      "On-Premise Asset(s)"
    ],
    "total_amount": 2
  },
  "attribute": {
    "confidentiality": {
      "data": [
        {
          "variety": "Payment"
        }
      ],
      "data_disclosure": "Yes",
      "data_victim": [
        "Customer"
      ],
      "state": [
        "Processed"
      ]
    },
    "integrity": {
      "variety": [
        "Hardware tampering"
      ]
    }
  },
  "confidence": "High",
  "discovery_method": {
    "unknown": true
  },
  "incident_id": "00ff9960-40d7-11ec-b81c-33d442e55df8",
  "plus": {
    "analysis_status": "Reviewed",
    "analyst": "planglois",
    "created": "2021-11-09T19:05:07.498Z",
    "dbir_year": 2021,
    "event_chain": [
      {
        "action": "phy",
        "actor": "ext",
        "asset": "ter",
        "attribute": "ia",
        "summary": "installed skimmer"
      },
      {
        "action": "phy",
        "actor": "ext",
        "asset": "ter",
        "attribute": "cp",
        "summary": "skimmer steals data"
      }
    ],
    "github": "15774",
    "master_id": "03dfad1f-f4ec-487b-af82-f7c635801edc",
    "modified": "2021-11-09T19:05:07.498Z",
    "timeline": {
      "notification": {
        "day": 13,
        "month": 6,
        "year": 2020
      }
    }
  },
  "reference": "https://www.wfla.com/news/sarasota-county/police-find-skimming-devices-at-sarasota-citgo/",
  "schema_name": "vcdb",
  "schema_version": "1.3.7",
  "security_incident": "Confirmed",
  "source_id": "vcdb",
  "summary": "Police find skimming devices at Sarasota Citgo",
  "targeted": "Opportunistic",
  "timeline": {
    "compromise": {
      "unit": "Minutes"
    },
    "discovery": {
      "unit": "Hours",
      "value": 8
    },
    "exfiltration": {
      "unit": "Minutes"
    },
    "incident": {
      "day": 13,
      "month": 6,
      "year": 2020
    }
  },
  "value_chain": {
    "development": {
      "variety": [
        "Other"
      ]
    }
  },
  "victim": {
    "country": [
      "US"
    ],
    "employee_count": "11 to 100",
    "government": [
      "NA"
    ],
    "industry": "447110",
    "locations_affected": 1,
    "region": [
      "019021"
    ],
    "state": "FL",
    "victim_id": "Sarasota Citgo"
  }
}