{
  "action": {
    "physical": {
      "variety": [
        "Theft"
      ],
      "vector": [
        "Personal vehicle"
      ]
    }
  },
  "actor": {
    "external": {
      "country": [
        "Unknown"
      ],
      "motive": [
        "Financial"
      ],
      "region": [
        "000000"
      ],
      "variety": [
        "Unknown"
      ]
    }
  },
  "asset": {
    "assets": [
      {
        "variety": "U - Laptop"
      },
      {
        "variety": "U - Desktop or laptop"
      }
    ],
    "cloud": [
      "Unknown"
    ]
  },
  "attribute": {
    "availability": {
      "variety": [
        "Loss"
      ]
    },
    "confidentiality": {
      "data": [
        {
          "variety": "Medical"
        }
      ],
      "data_disclosure": "Potentially",
      "data_victim": [
        "Patient"
      ],
      "state": [
        "Stored unencrypted"
      ]
    }
  },
  "discovery_method": {
    "internal": {
      "variety": [
        "Reported by employee"
      ]
    }
  },
  "impact": {
    "overall_rating": "Unknown"
  },
  "incident_id": "7CD364CA-58C7-4FAF-B56A-6E96581DD472",
  "plus": {
    "analysis_status": "Finalized",
    "analyst": "swidup",
    "attribute": {
      "confidentiality": {
        "credit_monitoring": "Yes",
        "credit_monitoring_years": 1
      }
    },
    "created": "2016-07-08T22:32:00Z",
    "dbir_year": 2017,
    "github": "7261",
    "master_id": "03E16772-0BC3-4588-B61B-546ABB16519D",
    "modified": "2016-07-08T23:21:00Z",
    "sub_source": "phidbr",
    "timeline": {
      "notification": {
        "day": 18,
        "month": 2,
        "year": 2016
      }
    }
  },
  "reference": "http://www.databreaches.net/stolen-shire-laptop-contained-patients-personal-and-medical-info/;http://ago.vermont.gov/assets/files/Consumer/Security_Breach/Shire%20Human%20Genetic%20Therapies%20SBN%20to%20Consumers.pdf",
  "schema_version": "1.3.7",
  "security_incident": "Confirmed",
  "source_id": "vcdb",
  "summary": "Pharmaceutical company Shire is notifying an unspecified number of individuals that their personal and medical information was on a laptop stolen from an employee's car in Washington D.C.  The laptop, which was issued by Shire Human Genetic Therapies, Inc. was stolen on December 30th and its theft was reported to the police immediately.  Investigation into the incident revealed that the laptop contained name, address, date of birth, telephone number, last four digits of Social Security number, dates of treatment, description of medical condition, and the therapeutic drug the patient was using.  According to the notification letter signed by Perry Sternberg, Head of Neurosciences and Commercial Excellence, the information came from 2014 Shire records.  Those affected were offered one year of services with Kroll.  There is no mention of whether the employee was violating any policy by not having the data encrypted on the laptop or by leaving the laptop in a situation where it could be stolen.",
  "timeline": {
    "incident": {
      "day": 30,
      "month": 12,
      "year": 2015
    }
  },
  "victim": {
    "country": [
      "US"
    ],
    "employee_count": "101 to 1000",
    "government": [
      "NA"
    ],
    "industry": "541711",
    "region": [
      "019021"
    ],
    "state": "MA",
    "victim_id": "Shire Human Genetic Therapies, Inc."
  }
}