{
  "action": {
    "malware": {
      "result": [
        "Infiltrate"
      ],
      "variety": [
        "Unknown"
      ],
      "vector": [
        "Email attachment"
      ]
    },
    "social": {
      "result": [
        "Infiltrate"
      ],
      "target": [
        "Unknown"
      ],
      "variety": [
        "Phishing"
      ],
      "vector": [
        "Email"
      ]
    }
  },
  "actor": {
    "external": {
      "country": [
        "Unknown"
      ],
      "motive": [
        "Unknown"
      ],
      "region": [
        "000000"
      ],
      "variety": [
        "Unknown"
      ]
    }
  },
  "asset": {
    "assets": [
      {
        "amount": 1,
        "variety": "S - Mail"
      },
      {
        "amount": 1,
        "variety": "P - Unknown"
      }
    ],
    "cloud": [
      "Unknown"
    ],
    "notes": "Following enumerations present before veris 1.3.3 removed: asset.governance.Unknown."
  },
  "attribute": {
    "confidentiality": {
      "data": [
        {
          "variety": "Internal"
        },
        {
          "variety": "Credentials"
        }
      ],
      "data_disclosure": "Yes",
      "data_victim": [
        "Other"
      ],
      "notes": "Employee Email Addresses Disclosed",
      "state": [
        "Stored"
      ]
    },
    "integrity": {
      "variety": [
        "Alter behavior",
        "Software installation"
      ]
    }
  },
  "confidence": "High",
  "discovery_method": {
    "unknown": true
  },
  "incident_id": "13a57c40-8e8f-11e8-8003-e3ff5269fee2",
  "plus": {
    "analysis_status": "Reviewed",
    "analyst": "jasoncmiller79",
    "created": "2018-07-23T19:59:18.693Z",
    "dbir_year": 2019,
    "github": "11828",
    "master_id": "03f9d00c-be6c-4f68-8c98-88556eea4154",
    "modified": "2018-07-27T20:18:32.254Z",
    "sub_source": "phidbr",
    "timeline": {
      "notification": {
        "day": 18,
        "month": 7,
        "year": 2018
      }
    }
  },
  "reference": "https://www.bcna.org.au/news/2018/07/possible-eligible-data-breach/",
  "schema_version": "1.3.7",
  "security_incident": "Confirmed",
  "source_id": "vcdb",
  "summary": "On Friday 13 July, a BCNA staff member opened a file attachment to an email that appeared to be from a known contact.  BCNA now believes this was not a legitimate email, but a phishing email from an external party.  The possible data breach involves access to email addresses for an unknown number of contacts and previous email recipients of the staff member by an unauthorised person/s.",
  "targeted": "Unknown",
  "timeline": {
    "incident": {
      "day": 13,
      "month": 7,
      "year": 2018
    }
  },
  "value_chain": {
    "development": {
      "notes": "VERIS 1.3.6: value_chain.development.variety.Email added because action.social.vector.Email exists.",
      "variety": [
        "Email"
      ]
    },
    "distribution": {
      "notes": "VERIS 1.3.6: value_chain.distribution.variety.Email added because action.social.vector.Email exists.",
      "variety": [
        "Email"
      ]
    },
    "targeting": {
      "notes": "VERIS 1.3.6: value_chain.targeting.variety.Email addresses added because action.social.vector.Email exists.",
      "variety": [
        "Email addresses"
      ]
    }
  },
  "victim": {
    "country": [
      "AU"
    ],
    "employee_count": "11 to 100",
    "government": [
      "NA"
    ],
    "industry": "813319",
    "region": [
      "009053"
    ],
    "victim_id": "Breast Cancer Network Australia (BCNA)"
  }
}