{
  "action": {
    "error": {
      "variety": [
        "Publishing error"
      ],
      "vector": [
        "Unknown"
      ]
    }
  },
  "actor": {
    "internal": {
      "motive": [
        "NA"
      ],
      "variety": [
        "Unknown",
        "Manager"
      ]
    }
  },
  "asset": {
    "assets": [
      {
        "variety": "S - Mail"
      }
    ],
    "cloud": [
      "Unknown"
    ]
  },
  "attribute": {
    "confidentiality": {
      "data": [
        {
          "amount": 500,
          "variety": "Other"
        }
      ],
      "data_disclosure": "Yes",
      "data_total": 500,
      "data_victim": [
        "Employee"
      ],
      "notes": "email address only",
      "state": [
        "Unknown"
      ]
    }
  },
  "discovery_method": {
    "internal": {
      "variety": [
        "Reported by employee"
      ]
    }
  },
  "impact": {
    "overall_rating": "Unknown"
  },
  "incident_id": "836704A6-479C-47D3-8427-7B7AE941C662",
  "plus": {
    "analysis_status": "Finalized",
    "analyst": "Robert-Topper",
    "attribute": {
      "confidentiality": {
        "credit_monitoring": "Unknown"
      }
    },
    "created": "2016-09-15T16:48:00Z",
    "dbir_year": 2017,
    "github": "7694",
    "master_id": "041055E6-F46A-447F-A8F2-9D50BE1ADB4F",
    "modified": "2016-09-15T16:59:00Z",
    "timeline": {
      "notification": {
        "day": 9,
        "month": 5,
        "year": 2016
      }
    }
  },
  "reference": "http://rideshareacademy.com/getme-disaster-austin-tx/",
  "schema_version": "1.3.7",
  "security_incident": "Confirmed",
  "source_id": "vcdb",
  "summary": "email with GetME drivers emails exposed",
  "timeline": {
    "discovery": {
      "unit": "Minutes"
    },
    "incident": {
      "day": 9,
      "month": 5,
      "year": 2016
    }
  },
  "victim": {
    "country": [
      "US"
    ],
    "employee_count": "101 to 1000",
    "government": [
      "NA"
    ],
    "industry": "485310",
    "locations_affected": 1,
    "region": [
      "019021"
    ],
    "state": "TX",
    "victim_id": "GetME"
  }
}