{
  "action": {
    "hacking": {
      "variety": [
        "Unknown"
      ],
      "vector": [
        "Web application"
      ]
    }
  },
  "actor": {
    "external": {
      "country": [
        "Unknown"
      ],
      "motive": [
        "Financial"
      ],
      "region": [
        "000000"
      ],
      "variety": [
        "Unknown"
      ]
    }
  },
  "asset": {
    "assets": [
      {
        "variety": "S - Web application"
      }
    ],
    "cloud": [
      "Unknown"
    ]
  },
  "attribute": {
    "availability": {
      "variety": [
        "Loss"
      ]
    },
    "confidentiality": {
      "data": [
        {
          "amount": 93000,
          "variety": "Payment"
        }
      ],
      "data_disclosure": "Yes",
      "data_total": 93000,
      "data_victim": [
        "Customer"
      ],
      "state": [
        "Unknown"
      ]
    }
  },
  "discovery_method": {
    "unknown": true
  },
  "impact": {
    "overall_rating": "Unknown"
  },
  "incident_id": "041EDDA8-680A-42CF-AED0-15723AB5CCBC",
  "plus": {
    "analysis_status": "Finalized",
    "analyst": "swidup",
    "attribute": {
      "confidentiality": {
        "credit_monitoring": "Unknown"
      }
    },
    "created": "2016-02-07T00:34:00Z",
    "dbir_year": 2016,
    "github": "6306",
    "master_id": "041EDDA8-680A-42CF-AED0-15723AB5CCBC",
    "modified": "2016-02-07T00:34:00Z",
    "sub_source": "priority",
    "timeline": {
      "notification": {
        "day": 18,
        "month": 8,
        "year": 2015
      }
    }
  },
  "reference": "http://www.marketwatch.com/story/webcom-reports-cyber-breach-2015-08-18",
  "schema_version": "1.3.7",
  "security_incident": "Confirmed",
  "source_id": "vcdb",
  "summary": "Web.com, WWWW reported that it discovered an unauthorized breach of one of its computer systems on August 13, 2015. As the result of this attack, the credit card information of approximately 93,000 customers (of the company's over 3.3 million customers) may have been compromised. The company uncovered the unauthorized activity through its ongoing security monitoring.  The company immediately reported the attack to credit card processors and the proper federal and state authorities. As a further precaution, Web.com is providing a year of credit monitoring protection to impacted customers. Web.com is working with a leading IT security firm to conduct a thorough investigation, and continues to make significant investments in its internal security processes and systems to prevent incidents like this from occurring.  \"The security of our customer information is a high priority for Web.com. Our goals are simple __ to protect our clients from internet attacks and, in the event that an attack succeeds, to fix the problem immediately,\" stated David L. Brown, chairman, chief executive officer and president of Web.com.  All customers that may have been impacted by this breach will shortly receive an email detailing the steps the company is taking. In addition, a letter, sent via the US Postal Service, will follow in the next few days. Finally, the company has posted a list of Frequently Asked Questions on http://security-faqs.web.com.",
  "timeline": {
    "incident": {
      "day": 13,
      "month": 8,
      "year": 2015
    }
  },
  "victim": {
    "country": [
      "US"
    ],
    "employee_count": "Unknown",
    "government": [
      "NA"
    ],
    "industry": "519130",
    "region": [
      "019021"
    ],
    "state": "FL",
    "victim_id": "Web.com"
  }
}