{
  "action": {
    "malware": {
      "variety": [
        "Ransomware"
      ],
      "vector": [
        "Unknown"
      ]
    }
  },
  "actor": {
    "external": {
      "country": [
        "Unknown"
      ],
      "motive": [
        "Financial"
      ],
      "region": [
        "000000"
      ],
      "variety": [
        "Unknown"
      ]
    },
    "partner": {
      "country": [
        "Unknown"
      ],
      "industry": "541611",
      "motive": [
        "Unknown",
        "NA"
      ],
      "notes": "Marin Medical Practices Concepts",
      "region": [
        "000000"
      ]
    }
  },
  "asset": {
    "assets": [
      {
        "variety": "S - Database"
      }
    ],
    "cloud": [
      "Unknown"
    ]
  },
  "attribute": {
    "availability": {
      "duration": {
        "unit": "Weeks",
        "value": 2
      },
      "notes": "The computer systems are back online, but the provider lost two weeks of backup data.",
      "variety": [
        "Obscuration"
      ]
    },
    "confidentiality": {
      "data": [
        {
          "amount": 5000,
          "variety": "Personal"
        }
      ],
      "data_disclosure": "Potentially",
      "data_total": 5000,
      "data_victim": [
        "Patient"
      ],
      "state": [
        "Stored"
      ]
    },
    "integrity": {
      "variety": [
        "Software installation"
      ]
    }
  },
  "discovery_method": {
    "external": {
      "variety": [
        "Actor disclosure"
      ]
    }
  },
  "impact": {
    "overall_rating": "Unknown"
  },
  "incident_id": "EA87D038-14FE-4404-A114-87C1278E0862",
  "plus": {
    "analysis_status": "Finalized",
    "analyst": "Robert-Topper",
    "attribute": {
      "confidentiality": {
        "credit_monitoring": "Unknown"
      }
    },
    "created": "2016-10-10T13:28:00Z",
    "dbir_year": 2016,
    "github": "8581",
    "master_id": "0479FCC6-A146-441B-8CD9-C0A6E0E38B59",
    "modified": "2016-11-04T18:52:00Z",
    "sub_source": "phidbr",
    "timeline": {
      "notification": {
        "day": 28,
        "month": 9,
        "year": 2015
      }
    }
  },
  "reference": "http://www.healthcareitnews.com/news/two-more-ransomware-attacks-both-organizations-pay",
  "schema_version": "1.3.7",
  "security_incident": "Confirmed",
  "source_id": "vcdb",
  "summary": "ransomware attack",
  "timeline": {
    "incident": {
      "day": 26,
      "month": 8,
      "year": 2015
    }
  },
  "value_chain": {
    "cash-out": {
      "notes": "VERIS 1.3.6: value_chain.development.variety.Cryptocurrency added because action.malware.variety.Ransomware exists.",
      "variety": [
        "Cryptocurrency"
      ]
    }
  },
  "victim": {
    "country": [
      "US"
    ],
    "employee_count": "1 to 10",
    "government": [
      "NA"
    ],
    "industry": "622110",
    "locations_affected": 1,
    "region": [
      "019021"
    ],
    "state": "CA",
    "victim_id": "Marin Healthcare District"
  }
}