{
  "action": {
    "physical": {
      "result": [
        "Exfiltrate"
      ],
      "variety": [
        "Skimmer"
      ],
      "vector": [
        "Victim grounds"
      ]
    }
  },
  "actor": {
    "external": {
      "country": [
        "Unknown"
      ],
      "motive": [
        "Financial"
      ],
      "region": [
        "000000"
      ],
      "variety": [
        "Organized crime"
      ]
    }
  },
  "asset": {
    "assets": [
      {
        "variety": "T - Gas terminal"
      }
    ],
    "cloud": [
      "Unknown"
    ]
  },
  "attribute": {
    "integrity": {
      "variety": [
        "Fraudulent transaction"
      ]
    }
  },
  "discovery_method": {
    "internal": {
      "variety": [
        "Reported by employee"
      ]
    }
  },
  "incident_id": "d6266220-be6a-11e7-ada5-4196de8cadbf",
  "plus": {
    "analysis_status": "Reviewed",
    "analyst": "Breland",
    "created": "2017-10-31T22:59:10.342Z",
    "dbir_year": 2018,
    "github": "10064",
    "master_id": "0482284d-3bb6-423c-a475-804ab284e77d",
    "modified": "2017-10-31T22:59:10.342Z"
  },
  "reference": "http://www.berkshireeagle.com/stories/pittsfield-police-probing-card-skimming-scam-after-illegal-devices-found-at-gas-stations,517962",
  "schema_version": "1.3.7",
  "security_incident": "Confirmed",
  "source_id": "vcdb",
  "summary": "Card-skimming devices found at two Pittsfield gas stations - Lipton Energy",
  "targeted": "Targeted",
  "timeline": {
    "compromise": {
      "unit": "Minutes"
    },
    "discovery": {
      "unit": "Hours"
    },
    "incident": {
      "month": 8,
      "year": 2017
    }
  },
  "victim": {
    "country": [
      "US"
    ],
    "employee_count": "11 to 100",
    "government": [
      "NA"
    ],
    "industry": "447110",
    "region": [
      "019021"
    ],
    "victim_id": "Mart Moble Stations"
  }
}