{
  "action": {
    "physical": {
      "variety": [
        "Theft"
      ],
      "vector": [
        "Unknown"
      ]
    }
  },
  "actor": {
    "external": {
      "country": [
        "Unknown"
      ],
      "motive": [
        "Financial"
      ],
      "region": [
        "000000"
      ],
      "variety": [
        "Unknown"
      ]
    }
  },
  "asset": {
    "assets": [
      {
        "variety": "U - Desktop"
      },
      {
        "variety": "U - Desktop or laptop"
      }
    ],
    "cloud": [
      "Unknown"
    ]
  },
  "attribute": {
    "availability": {
      "variety": [
        "Loss"
      ]
    },
    "confidentiality": {
      "data": [
        {
          "amount": 3269,
          "variety": "Medical"
        }
      ],
      "data_disclosure": "Potentially",
      "data_total": 3269,
      "data_victim": [
        "Patient"
      ],
      "state": [
        "Stored unencrypted"
      ]
    }
  },
  "discovery_method": {
    "unknown": true
  },
  "impact": {
    "overall_rating": "Unknown"
  },
  "incident_id": "04916A4B-3FD1-4C7B-91F5-4162E69A82DA",
  "plus": {
    "analysis_status": "First pass",
    "analyst": "swidup",
    "attribute": {
      "confidentiality": {
        "credit_monitoring": "Unknown"
      }
    },
    "created": "2015-07-17T23:28:50Z",
    "master_id": "04916A4B-3FD1-4C7B-91F5-4162E69A82DA",
    "modified": "2015-07-17T23:28:50Z",
    "timeline": {
      "notification": {
        "year": 2013
      }
    }
  },
  "reference": "https://ocrportal.hhs.gov/ocr/breach/breach_report.jsf",
  "schema_version": "1.3.7",
  "security_incident": "Confirmed",
  "source_id": "vcdb",
  "summary": "Theft of a desktop computer exposes 3269 records.",
  "timeline": {
    "incident": {
      "day": 15,
      "month": 3,
      "year": 2013
    }
  },
  "victim": {
    "country": [
      "US"
    ],
    "employee_count": "Unknown",
    "government": [
      "NA"
    ],
    "industry": "621210",
    "region": [
      "019021"
    ],
    "state": "OR",
    "victim_id": "Thomas L. Davis, Jr. DDS"
  }
}