{
  "action": {
    "misuse": {
      "variety": [
        "Privilege abuse"
      ],
      "vector": [
        "LAN access"
      ]
    }
  },
  "actor": {
    "internal": {
      "job_change": [
        "Let go"
      ],
      "motive": [
        "Unknown",
        "Financial"
      ],
      "variety": [
        "Unknown",
        "End-user"
      ]
    }
  },
  "asset": {
    "assets": [
      {
        "variety": "S - Database"
      }
    ],
    "cloud": [
      "Unknown"
    ]
  },
  "attribute": {
    "confidentiality": {
      "data": [
        {
          "amount": 24188,
          "variety": "Medical"
        }
      ],
      "data_disclosure": "Yes",
      "data_total": 24188,
      "data_victim": [
        "Patient"
      ],
      "state": [
        "Stored"
      ]
    }
  },
  "discovery_method": {
    "unknown": true
  },
  "impact": {
    "overall_rating": "Unknown"
  },
  "incident_id": "F77F05C3-62C6-4A68-AE01-6C0F48D46F10",
  "plus": {
    "analysis_status": "Finalized",
    "analyst": "Spitler",
    "attribute": {
      "confidentiality": {
        "credit_monitoring": "Unknown"
      }
    },
    "created": "2016-08-18T14:51:00Z",
    "dbir_year": 2017,
    "github": "7200",
    "master_id": "049C50C1-D7BA-46BE-A437-559AA848A5C1",
    "modified": "2016-08-18T14:58:00Z",
    "sub_source": "phidbr",
    "timeline": {
      "notification": {
        "day": 9,
        "month": 2,
        "year": 2016
      }
    }
  },
  "reference": "http://www.whec.com/article/stories/s4042759.shtmlhttp://www.miamiherald.com/news/health-care/article59339038.html; http://www.miamiherald.com/news/health-care/article59339038.html",
  "schema_version": "1.3.7",
  "security_incident": "Confirmed",
  "source_id": "vcdb",
  "summary": "Secretary accessed almost 24K records over a five year period; some used to commit ID theft.",
  "timeline": {
    "compromise": {
      "unit": "NA"
    },
    "discovery": {
      "unit": "Years",
      "value": 5.0
    },
    "exfiltration": {
      "unit": "NA"
    },
    "incident": {
      "year": 2011
    }
  },
  "victim": {
    "country": [
      "US"
    ],
    "employee_count": "1001 to 10000",
    "government": [
      "NA"
    ],
    "industry": "622110",
    "region": [
      "019021"
    ],
    "state": "FL",
    "victim_id": "Jackson Health System"
  }
}