{
  "action": {
    "misuse": {
      "notes": "Copied credit cards while working as waiter",
      "result": [
        "Exfiltrate"
      ],
      "variety": [
        "Possession abuse"
      ],
      "vector": [
        "Physical access"
      ]
    },
    "physical": {
      "result": [
        "Exfiltrate"
      ],
      "variety": [
        "Skimmer"
      ],
      "vector": [
        "Victim public area"
      ]
    }
  },
  "actor": {
    "internal": {
      "motive": [
        "Financial"
      ],
      "variety": [
        "Cashier"
      ]
    }
  },
  "asset": {
    "assets": [
      {
        "variety": "M - Payment card"
      },
      {
        "variety": "U - POS terminal"
      }
    ],
    "cloud": [
      "NA"
    ]
  },
  "attribute": {
    "confidentiality": {
      "data": [
        {
          "variety": "Payment"
        }
      ],
      "data_disclosure": "Yes",
      "data_victim": [
        "Employee"
      ],
      "state": [
        "Processed"
      ]
    },
    "integrity": {
      "variety": [
        "Fraudulent transaction",
        "Hardware tampering"
      ]
    }
  },
  "confidence": "High",
  "discovery_method": {
    "external": {
      "variety": [
        "Fraud detection"
      ]
    }
  },
  "incident_id": "607d5130-c9f8-11eb-8af5-ed6b4a3c0fb5",
  "plus": {
    "analysis_status": "Reviewed",
    "analyst": "planglois",
    "attribute": {
      "confidentiality": {
        "data_abuse": "Yes"
      }
    },
    "created": "2021-06-10T18:38:15.702Z",
    "dbir_year": 2022,
    "event_chain": [
      {
        "action": "mis",
        "actor": "int",
        "asset": "med",
        "attribute": "cp",
        "summary": "copied cards being handled"
      },
      {
        "action": "phy",
        "actor": "int",
        "asset": "ter",
        "attribute": "ia",
        "summary": "installed skimmer"
      },
      {
        "action": "phy",
        "actor": "int",
        "asset": "ter",
        "attribute": "cp",
        "summary": "skimmer stole cards as well"
      }
    ],
    "github": "17479",
    "master_id": "04c9e345-5521-422e-aaff-6507ca0d4003",
    "modified": "2021-06-10T18:38:15.702Z",
    "timeline": {
      "notification": {
        "day": 21,
        "month": 3,
        "year": 2021
      }
    }
  },
  "reference": "https://www.ofm.co.za/article/sa/302814/waiter-nabbed-for-card-skimming-worth-r50-000-",
  "schema_version": "1.3.7",
  "security_incident": "Confirmed",
  "source_id": "vcdb",
  "summary": "A 32-year-old waiter has been arrested for duplicating patrons' bank cards at a Midstream Estate restaurant in Olifantsfontein.",
  "targeted": "Opportunistic",
  "timeline": {
    "incident": {
      "year": 2021
    }
  },
  "value_chain": {
    "cash-out": {
      "variety": [
        "Direct"
      ]
    }
  },
  "victim": {
    "country": [
      "ZA"
    ],
    "employee_count": "Unknown",
    "government": [
      "NA"
    ],
    "industry": "722511",
    "locations_affected": 1,
    "region": [
      "002018"
    ]
  }
}