{
  "action": {
    "malware": {
      "variety": [
        "Ransomware"
      ],
      "vector": [
        "Email attachment"
      ]
    },
    "social": {
      "target": [
        "Unknown"
      ],
      "variety": [
        "Phishing"
      ],
      "vector": [
        "Email"
      ]
    }
  },
  "actor": {
    "external": {
      "country": [
        "Unknown"
      ],
      "motive": [
        "Financial"
      ],
      "region": [
        "000000"
      ],
      "variety": [
        "Unknown"
      ]
    }
  },
  "asset": {
    "assets": [
      {
        "variety": "P - End-user or employee"
      },
      {
        "variety": "S - Unknown"
      },
      {
        "variety": "P - Unknown"
      }
    ],
    "cloud": [
      "Unknown"
    ],
    "notes": "Following enumerations present before veris 1.3.3 removed: asset.governance.Unknown."
  },
  "attribute": {
    "availability": {
      "variety": [
        "Interruption"
      ]
    },
    "confidentiality": {
      "data": [
        {
          "variety": "Medical"
        }
      ],
      "data_disclosure": "Potentially",
      "data_victim": [
        "Patient"
      ],
      "state": [
        "Unknown"
      ]
    },
    "integrity": {
      "variety": [
        "Modify data",
        "Software installation",
        "Alter behavior"
      ]
    }
  },
  "discovery_method": {
    "internal": {
      "variety": [
        "Reported by employee"
      ]
    }
  },
  "impact": {
    "notes": "Ransome;",
    "overall_rating": "Unknown"
  },
  "incident_id": "BBE90679-5E5A-43FD-B19C-0CEA3D7D0F37",
  "plus": {
    "analysis_status": "Finalized",
    "analyst": "swidup",
    "attribute": {
      "confidentiality": {
        "credit_monitoring": "Unknown"
      }
    },
    "created": "2016-07-25T22:11:00Z",
    "dbir_year": 2017,
    "github": "7229",
    "master_id": "059BD459-E274-475B-B4A9-4524DFCD5009",
    "modified": "2017-02-01T04:45:00Z",
    "timeline": {
      "notification": {
        "month": 2,
        "year": 2016
      }
    }
  },
  "reference": "http://www.databreaches.net/hollywood-presbyterian-medical-center-victim-of-cyber-attack/; http://www.foxla.com/news/local-news/89941411-story; http://news.softpedia.com/news/hackers-demand-3-6-million-from-hollywood-hospital-following-cyber-attack-500408.shtml?utm_content=buffer5dfa6&utm_medium=social&utm_source=facebook.com&utm_campaign=buffer; http://www.toledoblade.com/Nation/2016/02/17/Hospital-paid-17K-ransom-to-hackers-of-its-computer-network.html",
  "schema_version": "1.3.7",
  "security_incident": "Confirmed",
  "source_id": "vcdb",
  "summary": "A Los Angeles hospital paid a ransom in bitcoins equivalent to about $17,000 to hackers who infiltrated and disabled its computer network, the medical center's chief executive said Wednesday.  It was in its best interest of Hollywood Presbyterian Medical Center to pay the ransom of 40 bitcoins  currently worth $16,664 dollars  after the network infiltration that began Feb. 5, CEO Allen Stefanek said in a statement.  In the attacks, often known as \"ransomware,\" the hackers encrypt a network's data and provide a digital decryption key to unlock it for a price.  \"The quickest and most efficient way to restore our systems and administrative functions was to pay the ransom and obtain the decryption key,\" Stefanek said. \"In the best interest of restoring normal operations, we did this.\"  Hospital employees noticed the network problems on Feb. 5, and it became clear there was a malware infiltration that was disabling the network.  Computer experts and law enforcement were immediately informed, Stefanek said. On Monday, 10 days after the attack, the network was in full operation again, he said.  FBI spokeswoman Laura Eimiller said the agency is investigating the extortion plot, but she could not immediately provide further details.  Neither law enforcement nor the hospital gave any indication of who might have been behind the attack or whether there are any suspects.  Patient care was not affected by the hacking, and there is no evidence any patient data was compromised, Stefanek said.  The 434-bed hospital in the Los Feliz area of Los Angeles was founded in 1924. It was sold to CHA Medical Center of South Korea in 2004. It offers a range of services including emergency care, maternity services, cancer care, physical therapy, and specialized operations such as fetal and orthopedic surgeries.",
  "timeline": {
    "incident": {
      "month": 2,
      "year": 2016
    }
  },
  "value_chain": {
    "cash-out": {
      "notes": "VERIS 1.3.6: value_chain.development.variety.Cryptocurrency added because action.malware.variety.Ransomware exists.",
      "variety": [
        "Cryptocurrency"
      ]
    },
    "development": {
      "notes": "VERIS 1.3.6: value_chain.development.variety.Email added because action.social.vector.Email exists.",
      "variety": [
        "Email"
      ]
    },
    "distribution": {
      "notes": "VERIS 1.3.6: value_chain.distribution.variety.Email added because action.social.vector.Email exists.",
      "variety": [
        "Email"
      ]
    },
    "targeting": {
      "notes": "VERIS 1.3.6: value_chain.targeting.variety.Email addresses added because action.social.vector.Email exists.",
      "variety": [
        "Email addresses"
      ]
    }
  },
  "victim": {
    "country": [
      "US"
    ],
    "employee_count": "1001 to 10000",
    "government": [
      "NA"
    ],
    "industry": "622110",
    "region": [
      "019021"
    ],
    "state": "CA",
    "victim_id": "Hollywood Presbyterian Medical Center"
  }
}