{
  "action": {
    "misuse": {
      "variety": [
        "Privilege abuse"
      ],
      "vector": [
        "LAN access"
      ]
    }
  },
  "actor": {
    "internal": {
      "motive": [
        "Convenience"
      ],
      "variety": [
        "Manager"
      ]
    }
  },
  "asset": {
    "assets": [
      {
        "variety": "S - Database"
      }
    ],
    "cloud": [
      "Unknown"
    ]
  },
  "attribute": {
    "confidentiality": {
      "data": [
        {
          "variety": "Unknown"
        }
      ],
      "data_disclosure": "Yes",
      "data_total": 1
    }
  },
  "discovery_method": {
    "unknown": true
  },
  "incident_id": "059DFC0C-3D83-48D0-980A-8E9536090C45",
  "plus": {
    "analysis_status": "First pass",
    "analyst": "swidup",
    "created": "2014-02-21T04:07:15Z",
    "master_id": "059DFC0C-3D83-48D0-980A-8E9536090C45",
    "modified": "2014-07-30T19:07:17Z"
  },
  "reference": "http://vcdb.org/pdf/va-security.pdf",
  "schema_version": "1.3.7",
  "security_incident": "Confirmed",
  "source_id": "vcdb",
  "summary": "The Sensitive Patient Access log showed Employee A's (who is also a Veteran) supervisor had accessed CPRS. When justification for access was requested,\nsupervisor said it was to get the Employee A's address and phone number as they were a new hire.  Supervisor was counseled this was inappropriate access and advised to contact HR in the future.",
  "timeline": {
    "incident": {
      "day": 15,
      "month": 9,
      "year": 2011
    }
  },
  "victim": {
    "country": [
      "US"
    ],
    "employee_count": "Over 100000",
    "government": [
      "Unknown"
    ],
    "industry": "923140",
    "region": [
      "019021"
    ],
    "state": "OR",
    "victim_id": "United States Department of Veterans Affairs"
  }
}