{
  "action": {
    "error": {
      "variety": [
        "Disposal error"
      ],
      "vector": [
        "Unknown"
      ]
    }
  },
  "actor": {
    "internal": {
      "motive": [
        "NA"
      ],
      "variety": [
        "Unknown"
      ]
    }
  },
  "asset": {
    "assets": [
      {
        "variety": "M - Documents"
      }
    ],
    "cloud": [
      "Unknown"
    ]
  },
  "attribute": {
    "confidentiality": {
      "data": [
        {
          "variety": "Medical"
        }
      ],
      "data_disclosure": "Yes",
      "data_victim": [
        "Patient"
      ],
      "state": [
        "Stored unencrypted"
      ]
    }
  },
  "discovery_method": {
    "external": {
      "variety": [
        "Found documents"
      ]
    }
  },
  "impact": {
    "overall_rating": "Unknown"
  },
  "incident_id": "05B7D079-7E0F-4916-8B8B-035BDC65C96A",
  "plus": {
    "analysis_status": "First pass",
    "analyst": "swidup",
    "attribute": {
      "confidentiality": {
        "credit_monitoring": "Unknown"
      }
    },
    "created": "2015-01-07T17:50:02Z",
    "github": "5084",
    "master_id": "05B7D079-7E0F-4916-8B8B-035BDC65C96A",
    "modified": "2015-01-07T17:50:02Z",
    "timeline": {
      "notification": {
        "day": 29,
        "month": 12,
        "year": 2014
      }
    }
  },
  "reference": "http://healthitsecurity.com/2014/12/30/patient-privacy-compromised-with-theft-and-improper-storage/; http://www.8newsnow.com/story/27725096/i-team-storage-unit-reveals-dumped-medical-files",
  "schema_version": "1.3.7",
  "security_incident": "Confirmed",
  "source_id": "vcdb",
  "summary": "It is not uncommon for healthcare organizations to utilize offsite storage facilities. However, a standard, monthly rental storage unit may not necessarily be the best choice.  A woman purchased a storage unit in Henderson, Nevada that had been put up for sale due to non-payment. However, she discovered private medical records in boxes inside the unit, according to an 8 News NOW I-Team report.  The records were of patients who visited Seven Hills Radiology, which was run by Dr. Chinasa Egemonu. The diagnostic facility is no longer running, according to the news report. Moreover, the doctor in question is accused by some of being a fraud.  Radiologist Dr. Michael Baron told the investigative team that he read X-rays on a contract basis for Egemonu and is owed $40,000 from the Seven Hills doctor. Other late payments were also found in the storage locker.  The patient files are being turned over to state authorities, while federal officials are investigating to determine if patient privacy laws were violated.",
  "timeline": {
    "incident": {
      "month": 12,
      "year": 2014
    }
  },
  "victim": {
    "country": [
      "US"
    ],
    "employee_count": "Unknown",
    "government": [
      "NA"
    ],
    "industry": "621512",
    "region": [
      "019021"
    ],
    "state": "NV",
    "victim_id": "Seven Hills Radiology"
  }
}