{
  "action": {
    "error": {
      "variety": [
        "Other"
      ],
      "vector": [
        "Carelessness"
      ]
    }
  },
  "actor": {
    "internal": {
      "motive": [
        "Unknown",
        "Financial"
      ],
      "variety": [
        "Unknown"
      ]
    }
  },
  "asset": {
    "assets": [
      {
        "variety": "S - Database"
      }
    ],
    "cloud": [
      "Unknown"
    ],
    "notes": "Following enumerations present before veris 1.3.3 removed: asset.governance.Unknown."
  },
  "attribute": {
    "confidentiality": {
      "data": [
        {
          "variety": "Bank"
        },
        {
          "variety": "Personal"
        }
      ],
      "data_disclosure": "Yes",
      "data_victim": [
        "Customer"
      ],
      "state": [
        "Unknown"
      ]
    },
    "integrity": {
      "variety": [
        "Fraudulent transaction"
      ]
    }
  },
  "discovery_method": {
    "unknown": true
  },
  "impact": {
    "overall_rating": "Unknown"
  },
  "incident_id": "05C349C4-BE1F-430A-841A-272CD26EC974",
  "plus": {
    "analysis_status": "Finalized",
    "analyst": "jesse.moody@my.southcentral.edu",
    "attribute": {
      "confidentiality": {
        "credit_monitoring": "Unknown",
        "data_abuse": "Yes"
      }
    },
    "created": "2015-04-30T01:19:00Z",
    "dbir_year": 2016,
    "github": "5062",
    "master_id": "05C349C4-BE1F-430A-841A-272CD26EC974",
    "modified": "2015-04-30T01:19:00Z",
    "timeline": {
      "notification": {
        "year": 2014
      }
    }
  },
  "reference": "http://krebsonsecurity.com/2014/12/payday-loan-network-sold-info-to-scammers/; http://www.ftc.gov/news-events/press-releases/2014/12/ftc-charges-data-broker-facilitating-theft-millions-dollars; http://www.ftc.gov/system/files/documents/cases/141223leaplabcmpt.pdf; http://krebsonsecurity.com/wp-content/uploads/2014/12/sunyich-et-al.pdf",
  "schema_version": "1.3.7",
  "security_incident": "Confirmed",
  "source_id": "vcdb",
  "summary": "According to the FTC's complaint, data broker LeapLab bought payday loan applications of financially strapped consumers, and then sold that information to marketers whom it knew had no legitimate need for it. \"At least one of those marketers, Ideal Financial Solutions __ a defendant in another FTC case __ allegedly used the information to withdraw millions of dollars from consumers' accounts without their authorization,\" the FTC said.  The FTC charges that the defendants sold approximately five percent of these loan applications to online lenders, who paid them between $10 and $150 per lead. But the defendants also allegedly sold the remaining 95 percent for approximately $0.50 each to third parties who were not online lenders and had no legitimate need for this financial information.",
  "timeline": {
    "incident": {
      "year": 2014
    }
  },
  "victim": {
    "country": [
      "US"
    ],
    "employee_count": "Unknown",
    "government": [
      "NA"
    ],
    "industry": "541613",
    "region": [
      "019021"
    ],
    "state": "MN",
    "victim_id": "LeapLab"
  }
}