{
  "action": {
    "misuse": {
      "variety": [
        "Data mishandling"
      ],
      "vector": [
        "LAN access"
      ]
    }
  },
  "actor": {
    "internal": {
      "motive": [
        "NA"
      ],
      "variety": [
        "Unknown"
      ]
    }
  },
  "asset": {
    "assets": [
      {
        "variety": "S - Unknown"
      }
    ],
    "cloud": [
      "Unknown"
    ]
  },
  "attribute": {
    "confidentiality": {
      "data": [
        {
          "amount": 91000,
          "variety": "Medical"
        }
      ],
      "data_disclosure": "Potentially",
      "data_total": 91000,
      "data_victim": [
        "Patient"
      ],
      "state": [
        "Unknown"
      ]
    }
  },
  "discovery_method": {
    "internal": {
      "variety": [
        "Incident response"
      ]
    }
  },
  "impact": {
    "overall_rating": "Unknown"
  },
  "incident_id": "E86C8294-6940-4FD3-83F1-F799890D263A",
  "plus": {
    "analysis_status": "Finalized",
    "analyst": "Spitler",
    "attribute": {
      "confidentiality": {
        "credit_monitoring": "Unknown"
      }
    },
    "created": "2016-08-18T14:59:00Z",
    "dbir_year": 2017,
    "github": "7197",
    "master_id": "05D33DF1-4523-45E1-812D-E58E47FF080C",
    "modified": "2016-08-18T15:08:00Z",
    "sub_source": "phidbr",
    "timeline": {
      "notification": {
        "day": 10,
        "month": 2,
        "year": 2016
      }
    }
  },
  "reference": "http://q13fox.com/2016/02/09/state-notifies-91000-apple-health-medicaid-clients-of-data-breach/; http://www.scmagazine.com/employees-mishandle-data-violate-hipaa-in-washington-state-medicaid-breach/article/473185/",
  "schema_version": "1.3.7",
  "security_incident": "Confirmed",
  "source_id": "vcdb",
  "summary": "XLS with PHI was transferred w/o encryption, was disocvered during another investigation",
  "timeline": {
    "compromise": {
      "unit": "NA"
    },
    "exfiltration": {
      "unit": "NA"
    },
    "incident": {
      "year": 2016
    }
  },
  "victim": {
    "country": [
      "US"
    ],
    "employee_count": "Unknown",
    "government": [
      "Unknown"
    ],
    "industry": "923120",
    "region": [
      "019021"
    ],
    "state": "WA",
    "victim_id": "Washington State Health Care Authority"
  }
}