{
  "action": {
    "error": {
      "variety": [
        "Programming error"
      ],
      "vector": [
        "Unknown"
      ]
    }
  },
  "actor": {
    "internal": {
      "motive": [
        "Unknown"
      ],
      "variety": [
        "Unknown"
      ]
    }
  },
  "asset": {
    "assets": [
      {
        "variety": "S - Database"
      }
    ],
    "cloud": [
      "Unknown"
    ]
  },
  "attribute": {
    "confidentiality": {
      "data": [
        {
          "variety": "Personal"
        }
      ],
      "data_disclosure": "Potentially",
      "state": [
        "Stored unencrypted"
      ]
    }
  },
  "discovery_method": {
    "external": {
      "variety": [
        "Law enforcement"
      ]
    }
  },
  "impact": {
    "overall_rating": "Unknown"
  },
  "incident_id": "81387C67-42B7-4E2E-A01B-60255981839C",
  "plus": {
    "analysis_status": "Finalized",
    "analyst": "Robert-Topper",
    "attribute": {
      "confidentiality": {
        "credit_monitoring": "Unknown"
      }
    },
    "created": "2016-09-15T00:13:00Z",
    "dbir_year": 2017,
    "github": "8446",
    "master_id": "05D561A3-E156-4CF7-8E23-2F8907C2CC19",
    "modified": "2016-09-15T00:23:00Z",
    "timeline": {
      "notification": {
        "month": 9,
        "year": 2016
      }
    }
  },
  "reference": "http://www.seattlepi.com/local/politics/article/Challenger-Podlodowski-discovers-loophole-in-9213802.php",
  "schema_version": "1.3.7",
  "security_incident": "Confirmed",
  "source_id": "vcdb",
  "summary": "Voter data accessible via the back-end pathway ",
  "timeline": {
    "incident": {
      "year": 2013
    }
  },
  "victim": {
    "country": [
      "US"
    ],
    "employee_count": "Small",
    "government": [
      "Unknown"
    ],
    "industry": "921140",
    "locations_affected": 1,
    "region": [
      "019021"
    ],
    "state": "WA",
    "victim_id": "Washington State Government"
  }
}