{
  "action": {
    "physical": {
      "variety": [
        "Theft"
      ],
      "vector": [
        "Personal residence"
      ]
    }
  },
  "actor": {
    "external": {
      "country": [
        "Unknown"
      ],
      "motive": [
        "Financial"
      ],
      "region": [
        "000000"
      ],
      "variety": [
        "Unknown"
      ]
    }
  },
  "asset": {
    "assets": [
      {
        "variety": "U - Laptop"
      },
      {
        "variety": "U - Desktop or laptop"
      }
    ],
    "cloud": [
      "Unknown"
    ]
  },
  "attribute": {
    "availability": {
      "variety": [
        "Loss"
      ]
    },
    "confidentiality": {
      "data": [
        {
          "variety": "Classified"
        },
        {
          "variety": "Unknown"
        }
      ],
      "data_disclosure": "Potentially",
      "data_victim": [
        "Unknown"
      ],
      "state": [
        "Unknown"
      ]
    }
  },
  "discovery_method": {
    "unknown": true
  },
  "impact": {
    "overall_rating": "Unknown"
  },
  "incident_id": "05F8D52D-BF42-43F2-A689-BE48AF81584E",
  "plus": {
    "analysis_status": "First pass",
    "analyst": "swidup",
    "asset": {
      "total": "No"
    },
    "attribute": {
      "confidentiality": {
        "credit_monitoring": "Unknown",
        "data_abuse": "Unknown"
      }
    },
    "created": "2013-06-28T00:14:22Z",
    "master_id": "05F8D52D-BF42-43F2-A689-BE48AF81584E",
    "modified": "2014-05-10T00:58:18Z",
    "timeline": {
      "notification": {
        "day": 26,
        "month": 2,
        "year": 2103
      }
    }
  },
  "reference": "http://www.presstv.ir/detail/2013/02/26/290964/israeli-aec-official-laptop-stolen/, http://www.israelnationalnews.com/News/News.aspx/165610",
  "schema_version": "1.3.7",
  "security_incident": "Confirmed",
  "source_id": "vcdb",
  "summary": "The laptop computer of head of Israel\u2019s Atomic Energy Commission (AEC) Shaul Horev has been stolen from his house, Israeli sources say.   Police say the laptop may have contained top-secret information. According to Ynet, Horev is in charge of Israel's nuclear policy.  Horev\u2019s wallet, electronic devices and a number of work-related documents were also stolen after two thieves broke into his house in Moshav Beit Yitzhak, near Netanya, on Sunday.  A statement by the Atomic Energy Commission, however, has said that no sensitive material was stolen from Horev\u2019s house. It also denied a computer was among the items stolen.  The AEC also said that it appears that the robbery was related to the nature of the Horev's work and that the robbers were common criminals. ",
  "timeline": {
    "incident": {
      "month": 2,
      "year": 2013
    }
  },
  "victim": {
    "country": [
      "IL"
    ],
    "employee_count": "Unknown",
    "government": [
      "Unknown"
    ],
    "industry": "926130",
    "region": [
      "142145"
    ],
    "victim_id": "Israel's Atomic Energy Commission"
  }
}