{
  "action": {
    "misuse": {
      "variety": [
        "Privilege abuse"
      ],
      "vector": [
        "Physical access"
      ]
    }
  },
  "actor": {
    "partner": {
      "country": [
        "PH"
      ],
      "industry": "000000",
      "motive": [
        "Financial"
      ],
      "region": [
        "142035"
      ]
    }
  },
  "asset": {
    "assets": [
      {
        "variety": "U - Telephone"
      }
    ],
    "cloud": [
      "Unknown"
    ],
    "hosting": [
      "External - unknown environment"
    ],
    "management": [
      "External"
    ],
    "ownership": [
      "Partner"
    ]
  },
  "attribute": {
    "confidentiality": {
      "data": [
        {
          "variety": "Payment"
        }
      ],
      "data_disclosure": "Yes",
      "data_total": 234,
      "data_victim": [
        "Customer"
      ],
      "state": [
        "Transmitted unencrypted"
      ]
    }
  },
  "discovery_method": {
    "other": true
  },
  "impact": {
    "overall_rating": "Unknown"
  },
  "incident_id": "067174D2-AA1F-4516-BED6-647C04802863",
  "plus": {
    "analysis_status": "Reviewed",
    "analyst": "swidup",
    "asset": {
      "total": "No"
    },
    "attribute": {
      "confidentiality": {
        "credit_monitoring": "Yes",
        "data_abuse": "Unknown"
      }
    },
    "created": "2013-02-08T23:13:03Z",
    "master_id": "067174D2-AA1F-4516-BED6-647C04802863",
    "modified": "2014-05-10T00:58:18Z",
    "timeline": {
      "notification": {
        "day": 6,
        "month": 4,
        "year": 2012
      }
    }
  },
  "reference": "http://doj.nh.gov/consumer/security-breaches/documents/sirius-xm-radio-20120406.pdf ",
  "schema_version": "1.3.7",
  "security_incident": "Confirmed",
  "source_id": "vcdb",
  "summary": "On March 19, 2012, the company's management was alerted to a situation involving one of its contractors, stream international global services Philippines Inc. Which handles inbound customer service calls for Sirius.  in the process of speaking with certain customers, employees may hear unencrypted credit card information. Management at the call-center detected three employees recording such credit card information using methods which are prohibited in the workplace and are in violation of the companies requirements. Incident reports are prepared and the employees at issue were placed on immediate suspension. The company believes that the unauthorized rituals gain access to names and credit card information of 234 individuals.",
  "timeline": {
    "incident": {
      "day": 19,
      "month": 3,
      "year": 2012
    }
  },
  "victim": {
    "country": [
      "US"
    ],
    "employee_count": "1001 to 10000",
    "government": [
      "NA"
    ],
    "industry": "515111",
    "region": [
      "019021"
    ],
    "revenue": {
      "amount": 3400000000,
      "iso_currency_code": "USD"
    },
    "state": "NY",
    "victim_id": "SIRIUS XM Radio Inc."
  }
}