{
  "action": {
    "physical": {
      "variety": [
        "Theft"
      ],
      "vector": [
        "Victim secure area"
      ]
    }
  },
  "actor": {
    "external": {
      "country": [
        "Unknown"
      ],
      "motive": [
        "Unknown"
      ],
      "region": [
        "000000"
      ],
      "variety": [
        "Unknown"
      ]
    }
  },
  "asset": {
    "assets": [
      {
        "amount": 3,
        "variety": "M - Flash drive"
      }
    ],
    "cloud": [
      "Unknown"
    ]
  },
  "attribute": {
    "availability": {
      "variety": [
        "Loss"
      ]
    },
    "confidentiality": {
      "data": [
        {
          "amount": 21000,
          "variety": "Medical"
        }
      ],
      "data_disclosure": "Potentially",
      "data_total": 21000
    }
  },
  "discovery_method": {
    "unknown": true
  },
  "impact": {
    "overall_rating": "Unknown"
  },
  "incident_id": "068C2F46-4C97-48A8-9D32-005B50284C39",
  "plus": {
    "analysis_status": "First pass",
    "created": "2013-04-12T22:29:56Z",
    "master_id": "068C2F46-4C97-48A8-9D32-005B50284C39",
    "modified": "2014-04-27T19:37:01Z",
    "timeline": {
      "notification": {}
    }
  },
  "schema_version": "1.3.7",
  "security_incident": "Confirmed",
  "source_id": "vcdb",
  "summary": "",
  "timeline": {
    "discovery": {
      "unit": "Months",
      "value": 2
    },
    "incident": {
      "day": 23,
      "month": 3,
      "year": 2010
    }
  },
  "victim": {
    "country": [
      "US"
    ],
    "employee_count": "11 to 100",
    "government": [
      "NA"
    ],
    "industry": "621210",
    "region": [
      "019021"
    ],
    "state": "TX",
    "victim_id": "Ernest T. Bice, Jr. DDS, PA"
  }
}