{
  "action": {
    "error": {
      "variety": [
        "Loss"
      ],
      "vector": [
        "Random error"
      ]
    }
  },
  "actor": {
    "partner": {
      "country": [
        "Unknown"
      ],
      "industry": "491",
      "motive": [
        "NA"
      ],
      "notes": "United States Postal Service",
      "region": [
        "000000"
      ]
    }
  },
  "asset": {
    "assets": [
      {
        "variety": "M - Documents"
      }
    ],
    "cloud": [
      "Unknown"
    ],
    "notes": "Following enumerations present before veris 1.3.3 removed: asset.governance.Personally owned."
  },
  "attribute": {
    "availability": {
      "variety": [
        "Loss"
      ]
    },
    "confidentiality": {
      "data": [
        {
          "variety": "Medical"
        },
        {
          "variety": "Personal"
        }
      ],
      "data_disclosure": "Potentially",
      "data_victim": [
        "Patient"
      ],
      "state": [
        "Unknown"
      ]
    }
  },
  "discovery_method": {
    "internal": {
      "variety": [
        "Reported by employee"
      ]
    }
  },
  "impact": {
    "overall_rating": "Unknown"
  },
  "incident_id": "069A3130-060D-4378-87FF-3DB3CD6B5EDA",
  "plus": {
    "analysis_status": "First pass",
    "analyst": "Spitler",
    "attribute": {
      "confidentiality": {
        "credit_monitoring": "Yes",
        "credit_monitoring_years": 2
      }
    },
    "created": "2013-10-21T20:24:00Z",
    "github": "482",
    "master_id": "069A3130-060D-4378-87FF-3DB3CD6B5EDA",
    "modified": "2014-05-10T00:58:18Z",
    "timeline": {
      "notification": {
        "year": 2013
      }
    }
  },
  "reference": "http://oag.ca.gov/system/files/ca%20ag%20crl%20client%20ssn_001_0.pdf",
  "schema_version": "1.3.7",
  "security_incident": "Confirmed",
  "source_id": "vcdb",
  "summary": "Invoice with SSN and medical information lost in transit by USPS. Mail was damaged during processing and likely shredded.",
  "timeline": {
    "compromise": {
      "unit": "NA"
    },
    "exfiltration": {
      "unit": "NA"
    },
    "incident": {
      "year": 2013
    }
  },
  "victim": {
    "country": [
      "US"
    ],
    "employee_count": "101 to 1000",
    "government": [
      "NA"
    ],
    "industry": "621511",
    "region": [
      "019021"
    ],
    "state": "KS",
    "victim_id": "Clinical Reference Laboratory, Inc"
  }
}