{
  "action": {
    "misuse": {
      "variety": [
        "Privilege abuse"
      ],
      "vector": [
        "LAN access"
      ]
    }
  },
  "actor": {
    "internal": {
      "motive": [
        "Unknown"
      ],
      "variety": [
        "Unknown"
      ]
    }
  },
  "asset": {
    "assets": [
      {
        "variety": "M - Documents"
      }
    ],
    "cloud": [
      "Unknown"
    ]
  },
  "attribute": {
    "confidentiality": {
      "data": [
        {
          "variety": "Unknown"
        }
      ],
      "data_disclosure": "Yes",
      "data_total": 1
    }
  },
  "discovery_method": {
    "unknown": true
  },
  "incident_id": "06C79BD5-90B5-4037-8872-24BEACE5D76B",
  "plus": {
    "analysis_status": "First pass",
    "analyst": "swidup",
    "created": "2014-02-21T04:07:15Z",
    "master_id": "06C79BD5-90B5-4037-8872-24BEACE5D76B",
    "modified": "2014-07-30T19:07:17Z"
  },
  "reference": "http://vcdb.org/pdf/va-security.pdf",
  "schema_version": "1.3.7",
  "security_incident": "Confirmed",
  "source_id": "vcdb",
  "summary": "An employee emailed patient information to the Union and the Union did not have the right to know. The information included name, partial SSN and diagnosis.",
  "timeline": {
    "incident": {
      "day": 31,
      "month": 8,
      "year": 2012
    }
  },
  "victim": {
    "country": [
      "US"
    ],
    "employee_count": "Over 100000",
    "government": [
      "Unknown"
    ],
    "industry": "923140",
    "region": [
      "019021"
    ],
    "state": "NM",
    "victim_id": "United States Department of Veterans Affairs"
  }
}