{
  "action": {
    "hacking": {
      "variety": [
        "Unknown"
      ],
      "vector": [
        "Unknown"
      ]
    }
  },
  "actor": {
    "external": {
      "country": [
        "Unknown"
      ],
      "motive": [
        "Unknown"
      ],
      "region": [
        "000000"
      ],
      "variety": [
        "Unknown"
      ]
    }
  },
  "asset": {
    "assets": [
      {
        "variety": "S - Database"
      }
    ],
    "cloud": [
      "Unknown"
    ]
  },
  "attribute": {
    "confidentiality": {
      "data": [
        {
          "amount": 220000,
          "variety": "Personal"
        }
      ],
      "data_disclosure": "Potentially",
      "data_total": 220000,
      "data_victim": [
        "Patient"
      ],
      "state": [
        "Stored"
      ]
    }
  },
  "discovery_method": {
    "unknown": true
  },
  "impact": {
    "overall_rating": "Unknown"
  },
  "incident_id": "40F43FE2-011D-459B-AE40-BF24B3E167D0",
  "plus": {
    "analysis_status": "Finalized",
    "analyst": "Spitler",
    "attribute": {
      "confidentiality": {
        "credit_monitoring": "Unknown"
      }
    },
    "created": "2017-01-27T19:41:00Z",
    "dbir_year": 2017,
    "github": "9031",
    "master_id": "06CAE676-32F6-4504-B854-CFFD37A7E2F0",
    "modified": "2017-01-27T19:49:00Z",
    "sub_source": "priority",
    "timeline": {
      "notification": {
        "day": 23,
        "month": 12,
        "year": 2015
      }
    }
  },
  "reference": "http://www.beckershospitalreview.com/healthcare-information-technology/copilot-provider-support-services-data-breach-affects-220k.html",
  "schema_version": "1.3.7",
  "security_incident": "Confirmed",
  "source_id": "vcdb",
  "summary": "Database compromise leads to potential disclosure of 220000 PII records",
  "timeline": {
    "discovery": {
      "unit": "Months",
      "value": 2.0
    },
    "incident": {
      "month": 10,
      "year": 2015
    }
  },
  "victim": {
    "country": [
      "US"
    ],
    "employee_count": "11 to 100",
    "government": [
      "NA"
    ],
    "industry": "561110",
    "region": [
      "019021"
    ],
    "state": "NY",
    "victim_id": "CoPilot Provider Support Systems"
  }
}