{
  "action": {
    "physical": {
      "variety": [
        "Theft"
      ],
      "vector": [
        "Unknown"
      ]
    }
  },
  "actor": {
    "external": {
      "country": [
        "Unknown"
      ],
      "motive": [
        "Financial"
      ],
      "region": [
        "000000"
      ],
      "variety": [
        "Unknown"
      ]
    }
  },
  "asset": {
    "assets": [
      {
        "variety": "U - Desktop"
      },
      {
        "variety": "U - Desktop or laptop"
      }
    ],
    "cloud": [
      "Unknown"
    ]
  },
  "attribute": {
    "availability": {
      "variety": [
        "Loss"
      ]
    },
    "confidentiality": {
      "data": [
        {
          "amount": 5840,
          "variety": "Medical"
        }
      ],
      "data_disclosure": "Potentially",
      "data_total": 5840,
      "data_victim": [
        "Patient"
      ],
      "state": [
        "Stored unencrypted"
      ]
    }
  },
  "discovery_method": {
    "unknown": true
  },
  "impact": {
    "overall_rating": "Unknown"
  },
  "incident_id": "06E3B2D5-82F5-4285-A1D2-6D71E6D833D6",
  "plus": {
    "analysis_status": "First pass",
    "analyst": "swidup",
    "attribute": {
      "confidentiality": {
        "credit_monitoring": "Unknown"
      }
    },
    "created": "2015-07-17T00:35:35Z",
    "master_id": "06E3B2D5-82F5-4285-A1D2-6D71E6D833D6",
    "modified": "2015-07-17T00:35:35Z",
    "timeline": {
      "notification": {
        "year": 2013
      }
    }
  },
  "reference": "https://ocrportal.hhs.gov/ocr/breach/breach_report.jsf",
  "schema_version": "1.3.7",
  "security_incident": "Confirmed",
  "source_id": "vcdb",
  "summary": "Theft of a desktop computer leaves 5840 records exposed.",
  "timeline": {
    "incident": {
      "day": 28,
      "month": 10,
      "year": 2013
    }
  },
  "victim": {
    "country": [
      "US"
    ],
    "employee_count": "Unknown",
    "government": [
      "NA"
    ],
    "industry": "621111",
    "region": [
      "019021"
    ],
    "state": "TX",
    "victim_id": "Greater Dallas Orthopaedics, PLLC"
  }
}