{
  "action": {
    "error": {
      "variety": [
        "Misdelivery"
      ],
      "vector": [
        "Carelessness"
      ]
    }
  },
  "actor": {
    "internal": {
      "motive": [
        "NA"
      ],
      "variety": [
        "Unknown"
      ]
    }
  },
  "asset": {
    "assets": [
      {
        "variety": "M - Documents"
      }
    ],
    "cloud": [
      "Unknown"
    ]
  },
  "attribute": {
    "confidentiality": {
      "data": [
        {
          "variety": "Unknown"
        }
      ],
      "data_disclosure": "Yes",
      "data_total": 1
    }
  },
  "discovery_method": {
    "unknown": true
  },
  "incident_id": "06EEA2A7-6CCC-4EB0-AF24-133E74851E08",
  "plus": {
    "analysis_status": "First pass",
    "analyst": "swidup",
    "created": "2014-05-29T20:01:01Z",
    "master_id": "06EEA2A7-6CCC-4EB0-AF24-133E74851E08",
    "modified": "2014-07-30T19:07:17Z"
  },
  "reference": "http://vcdb.org/pdf/va-security.pdf",
  "schema_version": "1.3.7",
  "security_incident": "Confirmed",
  "source_id": "vcdb",
  "summary": "A clerk faxed a report to a physicians office on 03/13/13. Today, a call was received from an insurance agency, stating that they had received records from this \nfacility and did not know what claim they were for. It was confirmed that they received the 03/13/13 fax intended for the physicians office. \nThe odd thing about this is, both the physicians office and the insurance company claim that the fax number these records were sent to belongs to them. The \nfacility received the request from the physicians office from this fax. The facility is following up to try to discover how this happened but, at this point, it does not \nappear to be the facilitys error.",
  "timeline": {
    "incident": {
      "day": 17,
      "month": 10,
      "year": 2012
    }
  },
  "victim": {
    "country": [
      "US"
    ],
    "employee_count": "Over 100000",
    "government": [
      "Unknown"
    ],
    "industry": "923140",
    "region": [
      "019021"
    ],
    "state": "MI",
    "victim_id": "United States Department of Veterans Affairs"
  }
}