{
  "action": {
    "error": {
      "variety": [
        "Loss"
      ],
      "vector": [
        "Carelessness"
      ]
    }
  },
  "actor": {
    "internal": {
      "motive": [
        "NA"
      ],
      "variety": [
        "Unknown"
      ]
    }
  },
  "asset": {
    "assets": [
      {
        "variety": "M - Documents"
      }
    ],
    "cloud": [
      "Unknown"
    ]
  },
  "attribute": {
    "availability": {
      "variety": [
        "Loss"
      ]
    },
    "confidentiality": {
      "data": [
        {
          "variety": "Unknown"
        }
      ],
      "data_disclosure": "Yes",
      "data_total": 1
    }
  },
  "discovery_method": {
    "unknown": true
  },
  "incident_id": "0750A022-E305-4DBA-BCEB-EB2BAE48902B",
  "plus": {
    "analysis_status": "First pass",
    "analyst": "swidup",
    "created": "2014-11-24T16:59:31Z",
    "master_id": "0750A022-E305-4DBA-BCEB-EB2BAE48902B",
    "modified": "2014-11-24T16:59:31Z"
  },
  "reference": "http://vcdb.org/pdf/va-security.pdf",
  "schema_version": "1.3.7",
  "security_incident": "Confirmed",
  "source_id": "vcdb",
  "summary": "Veteran A had an appointment with his medical provider. He left a pamphlet in the exam room. Folded inside the pamphlet were paper copies of his lab results. Veteran B had an appointment with the same medical provider. The nurse who prepped the exam room found the pamphlet and assumed it belonged to Veteran B when in fact it belonged to Veteran A. The nurse did not see the folded lab papers and thought she was only mailing the non-sensitive informational pamphlet. Veteran B received the pamphlet in the mail and discovered the lab results paperwork and contacted the facility to report the issue.",
  "timeline": {
    "incident": {
      "day": 7,
      "month": 10,
      "year": 2011
    }
  },
  "victim": {
    "country": [
      "US"
    ],
    "employee_count": "Over 100000",
    "government": [
      "Unknown"
    ],
    "industry": "923140",
    "region": [
      "019021"
    ],
    "state": "MN",
    "victim_id": "United States Department of Veterans Affairs"
  }
}