{
  "action": {
    "hacking": {
      "variety": [
        "Unknown"
      ],
      "vector": [
        "Web application"
      ]
    }
  },
  "actor": {
    "external": {
      "country": [
        "Unknown"
      ],
      "motive": [
        "Ideology"
      ],
      "region": [
        "000000"
      ],
      "variety": [
        "Activist"
      ]
    }
  },
  "asset": {
    "assets": [
      {
        "variety": "S - Web application"
      }
    ],
    "cloud": [
      "Unknown"
    ]
  },
  "attribute": {
    "confidentiality": {
      "data": [
        {
          "variety": "Personal"
        }
      ],
      "data_disclosure": "Yes",
      "data_victim": [
        "Customer"
      ],
      "state": [
        "Stored"
      ]
    }
  },
  "discovery_method": {
    "external": {
      "variety": [
        "Actor disclosure"
      ]
    }
  },
  "impact": {
    "overall_rating": "Unknown"
  },
  "incident_id": "07A0736B-783E-4DEB-9962-3F189C2609CB",
  "plus": {
    "analysis_status": "First pass",
    "analyst": "swidup",
    "asset": {
      "total": "No"
    },
    "attribute": {
      "confidentiality": {
        "credit_monitoring": "Yes",
        "data_abuse": "Yes"
      }
    },
    "created": "2013-02-09T05:24:48Z",
    "master_id": "07A0736B-783E-4DEB-9962-3F189C2609CB",
    "modified": "2014-05-10T00:58:18Z",
    "timeline": {
      "notification": {
        "day": 19,
        "month": 1,
        "year": 2012
      }
    }
  },
  "reference": "http://doj.nh.gov/consumer/security-breaches/documents/strategic-stratfor-20120119.pdf ",
  "schema_version": "1.3.7",
  "security_incident": "Confirmed",
  "source_id": "vcdb",
  "summary": "Based on information currently available to us, we believe that members of a hacker collective calling themselves \"anonymous\" illegally obtained access to the company's secured data systems and stole credit card and other personal information of some or all of the company's current and past customers. With respect to each affected customer, the personal information that the hackers may have acquired includes the following: name, credit card information, telephone number, e-mail address, and encrypt passwords.",
  "timeline": {
    "incident": {
      "day": 30,
      "month": 11,
      "year": 2011
    }
  },
  "victim": {
    "country": [
      "US"
    ],
    "employee_count": "11 to 100",
    "government": [
      "NA"
    ],
    "industry": "51119",
    "region": [
      "019021"
    ],
    "revenue": {
      "amount": 8100000,
      "iso_currency_code": "USD"
    },
    "state": "TX",
    "victim_id": "Strategic Forecasting, Inc."
  }
}