{
  "action": {
    "error": {
      "variety": [
        "Misdelivery"
      ],
      "vector": [
        "Unknown"
      ]
    }
  },
  "actor": {
    "internal": {
      "motive": [
        "NA"
      ],
      "variety": [
        "Unknown",
        "End-user"
      ]
    }
  },
  "asset": {
    "assets": [
      {
        "variety": "M - Documents"
      }
    ],
    "cloud": [
      "Unknown"
    ]
  },
  "attribute": {
    "confidentiality": {
      "data": [
        {
          "amount": 8022,
          "variety": "Personal"
        }
      ],
      "data_disclosure": "Yes",
      "data_total": 8022,
      "data_victim": [
        "Customer"
      ],
      "state": [
        "Unknown"
      ]
    }
  },
  "discovery_method": {
    "external": {
      "variety": [
        "Customer"
      ]
    }
  },
  "impact": {
    "notes": "Fine;",
    "overall_rating": "Unknown"
  },
  "incident_id": "78804BD3-3826-4FB9-83E2-41DAB60DC95D",
  "plus": {
    "analysis_status": "Finalized",
    "analyst": "Robert-Topper",
    "attribute": {
      "confidentiality": {
        "credit_monitoring": "Unknown",
        "data_abuse": "Yes"
      }
    },
    "created": "2016-11-08T18:59:00Z",
    "dbir_year": 2017,
    "github": "8686",
    "master_id": "08050FFB-52BC-46D8-A2B4-87974AC5EA72",
    "modified": "2016-11-08T19:06:00Z",
    "timeline": {
      "notification": {
        "day": 25,
        "month": 10,
        "year": 2016
      }
    }
  },
  "reference": "http://www.straitstimes.com/singapore/fined-for-leaking-8000-peoples-personal-data; https://www.databreaches.net/sg-fined-for-leaking-8000-peoples-personal-data/",
  "schema_version": "1.3.7",
  "security_incident": "Confirmed",
  "source_id": "vcdb",
  "summary": "sent erroneous account statements to policyholders that resulted in more than 8,000 people having their personal data leaked",
  "timeline": {
    "incident": {
      "year": 2016
    }
  },
  "victim": {
    "country": [
      "SG"
    ],
    "employee_count": "101 to 1000",
    "government": [
      "NA"
    ],
    "industry": "323111",
    "locations_affected": 1,
    "region": [
      "142035"
    ],
    "victim_id": "Toh-Shi Printing Singapore"
  }
}