{
  "action": {
    "physical": {
      "variety": [
        "Theft"
      ],
      "vector": [
        "Unknown"
      ]
    }
  },
  "actor": {
    "external": {
      "country": [
        "Unknown"
      ],
      "motive": [
        "Financial"
      ],
      "region": [
        "000000"
      ],
      "variety": [
        "Unknown"
      ]
    }
  },
  "asset": {
    "assets": [
      {
        "variety": "U - Laptop"
      },
      {
        "variety": "U - Desktop or laptop"
      }
    ],
    "cloud": [
      "Unknown"
    ]
  },
  "attribute": {
    "availability": {
      "variety": [
        "Loss"
      ]
    },
    "confidentiality": {
      "data": [
        {
          "amount": 14000,
          "variety": "Personal"
        }
      ],
      "data_disclosure": "Potentially",
      "data_total": 14000,
      "data_victim": [
        "Patient"
      ],
      "state": [
        "Stored unencrypted"
      ]
    }
  },
  "discovery_method": {
    "internal": {
      "variety": [
        "Reported by employee"
      ]
    }
  },
  "impact": {
    "overall_rating": "Unknown"
  },
  "incident_id": "085EE9A1-CE03-4F04-AF7D-27CDA24E8567",
  "plus": {
    "analysis_status": "Finalized",
    "analyst": "swidup",
    "attribute": {
      "confidentiality": {
        "credit_monitoring": "Yes",
        "credit_monitoring_years": 1
      }
    },
    "created": "2016-02-08T03:31:00Z",
    "dbir_year": 2016,
    "github": "5735",
    "master_id": "085EE9A1-CE03-4F04-AF7D-27CDA24E8567",
    "modified": "2016-02-08T03:31:00Z",
    "timeline": {
      "notification": {
        "day": 28,
        "month": 4,
        "year": 2015
      }
    }
  },
  "reference": "http://portlandtribune.com/pt/9-news/258508-129948-health-co-op-says-laptop-with-sensitive-information-was-stolen; http://www.bizjournals.com/portland/blog/health-care-inc/2015/04/oregons-health-co-op-stolen-laptop-leads-to.html; ",
  "schema_version": "1.3.7",
  "security_incident": "Confirmed",
  "source_id": "vcdb",
  "summary": "Oregon Health Co-op of Portland warned its members on Tuesday that a company laptop with member and dependent information was stolen early this month.  Co-op officials said the laptop was taken April 3. The laptop was password-protected, but it contained sensitive information about members.  The information on the stolen laptop included current and former member and dependent names, addresses, health plan and identification numbers, dates of birth and Social Security numbers. No medical information was on the laptop.  There is no indication this personal information has been accessed or used.  To safeguard members from any potential misuse of the personal information, the Co-op is offering free identity theft protection services through ID Experts. The package includes 12 months of identity protection, a $20,000 insurance reimbursement policy in the event of identity theft, and access to fraud resolution representatives. ",
  "timeline": {
    "incident": {
      "day": 3,
      "month": 4,
      "year": 2015
    }
  },
  "victim": {
    "country": [
      "US"
    ],
    "employee_count": "Unknown",
    "government": [
      "NA"
    ],
    "industry": "621111",
    "region": [
      "019021"
    ],
    "state": "OR",
    "victim_id": "Oregon Health Co-op"
  }
}