{
  "action": {
    "misuse": {
      "variety": [
        "Data mishandling"
      ],
      "vector": [
        "Physical access"
      ]
    }
  },
  "actor": {
    "partner": {
      "country": [
        "Unknown"
      ],
      "industry": "423450",
      "motive": [
        "Other"
      ],
      "notes": "Patterson Dental a representative of one of our dental practices business partners, Patterson Dental, visited our offices and, without our knowledge or consent in violation of our policies and procedures in exporting your data for the new systems conversion process had placed an unencrypted USB memory chip containing data from our practice into a sealed envelope and deposited it at a local post office to be sent through the U.S. mail to their technical headquarters.",
      "region": [
        "000000"
      ]
    }
  },
  "asset": {
    "assets": [
      {
        "variety": "S - Unknown"
      }
    ],
    "cloud": [
      "Unknown"
    ],
    "notes": "Following enumerations present before veris 1.3.3 removed: asset.governance.Personally owned."
  },
  "attribute": {
    "confidentiality": {
      "data": [
        {
          "variety": "Medical"
        }
      ],
      "data_disclosure": "Potentially",
      "data_victim": [
        "Patient"
      ],
      "state": [
        "Stored unencrypted"
      ]
    }
  },
  "discovery_method": {
    "external": {
      "variety": [
        "Actor disclosure"
      ]
    }
  },
  "impact": {
    "overall_rating": "Unknown"
  },
  "incident_id": "0864FC37-72F9-4063-9CAE-860711E4F921",
  "notes": "related incidents: 5DF8FBBA-C6AA-4509-8CA2-C6C2A56BDC32",
  "plus": {
    "analysis_status": "First pass",
    "analyst": "blackfist",
    "attribute": {
      "confidentiality": {
        "credit_monitoring": "Unknown"
      }
    },
    "created": "2013-11-01T20:25:00Z",
    "github": "370",
    "master_id": "0864FC37-72F9-4063-9CAE-860711E4F921",
    "modified": "2014-05-10T00:58:18Z",
    "timeline": {
      "notification": {
        "day": 16,
        "month": 7,
        "year": 2012
      }
    }
  },
  "reference": "http://www.phiprivacy.net/dental-practices-feel-some-pain-following-breach-by-business-partner/ (20131101)",
  "schema_version": "1.3.7",
  "security_incident": "Confirmed",
  "source_id": "vcdb",
  "summary": "Both River Arch Dental and Hamner Square Dental  sent patients a letter on July 16 about a breach that occurred when a business partners employee violated their security protocols",
  "timeline": {
    "compromise": {
      "unit": "NA"
    },
    "discovery": {
      "unit": "Days",
      "value": 8
    },
    "exfiltration": {
      "unit": "Hours"
    },
    "incident": {
      "day": 10,
      "month": 5,
      "year": 2012
    }
  },
  "victim": {
    "country": [
      "US"
    ],
    "employee_count": "Unknown",
    "government": [
      "NA"
    ],
    "industry": "621210",
    "region": [
      "019021"
    ],
    "victim_id": "Dental Office"
  }
}