{
  "action": {
    "error": {
      "variety": [
        "Gaffe"
      ],
      "vector": [
        "Carelessness"
      ]
    }
  },
  "actor": {
    "internal": {
      "motive": [
        "NA"
      ],
      "variety": [
        "Unknown"
      ]
    }
  },
  "asset": {
    "assets": [
      {
        "amount": 1,
        "variety": "S - Web application"
      }
    ],
    "cloud": [
      "Unknown"
    ],
    "country": [
      "CA"
    ],
    "total_amount": 1
  },
  "attribute": {
    "confidentiality": {
      "data": [
        {
          "variety": "Personal"
        }
      ],
      "data_disclosure": "Yes",
      "data_victim": [
        "Customer"
      ],
      "state": [
        "Stored unencrypted"
      ]
    }
  },
  "confidence": "High",
  "discovery_method": {
    "external": {
      "variety": [
        "Customer"
      ]
    }
  },
  "incident_id": "90c71650-b3c0-11e9-8244-abb132467e1d",
  "plus": {
    "analysis_status": "Reviewed",
    "analyst": "gdbassett",
    "attribute": {
      "confidentiality": {
        "data_abuse": "No"
      }
    },
    "created": "2019-07-31T23:42:02.250Z",
    "dbir_year": 2020,
    "event_chain": [
      {
        "action": "err",
        "actor": "int",
        "asset": "srv",
        "attribute": "cp"
      }
    ],
    "github": "13567",
    "master_id": "08886b8b-57ec-4abf-b767-2ed7d43cc790",
    "modified": "2019-07-31T23:43:08.149Z",
    "sub_source": "phidbr"
  },
  "reference": "https://www.databreaches.net/ca-weight-loss-grants-posts-customer-health-information-without-consent/,https://globalnews.ca/news/5347720/weight-loss-grants-customer-health-information/",
  "schema_version": "1.3.7",
  "security_incident": "Confirmed",
  "source_id": "vcdb",
  "summary": "Company discloses private personal data while rebutting monetary disputes with customers.",
  "targeted": "NA",
  "timeline": {
    "compromise": {
      "unit": "NA"
    },
    "containment": {
      "unit": "Days"
    },
    "discovery": {
      "unit": "Hours"
    },
    "exfiltration": {
      "unit": "NA"
    },
    "incident": {
      "month": 5,
      "year": 2019
    }
  },
  "victim": {
    "country": [
      "CA"
    ],
    "employee_count": "Small",
    "government": [
      "NA"
    ],
    "industry": "812191",
    "locations_affected": 1,
    "region": [
      "019021"
    ],
    "state": "ON",
    "victim_id": "Weight Loss Grants"
  }
}