{
  "action": {
    "hacking": {
      "variety": [
        "Brute force"
      ],
      "vector": [
        "Web application"
      ]
    }
  },
  "actor": {
    "external": {
      "country": [
        "US"
      ],
      "motive": [
        "Ideology"
      ],
      "notes": "RedHack",
      "region": [
        "019021"
      ],
      "variety": [
        "Activist"
      ]
    }
  },
  "asset": {
    "assets": [
      {
        "variety": "S - Web application"
      }
    ],
    "cloud": [
      "Unknown"
    ]
  },
  "attribute": {
    "availability": {
      "notes": "he brute force attacked the website which resulted in slowness and an inability for the website team to manage the site.",
      "variety": [
        "Loss",
        "Interruption"
      ]
    },
    "confidentiality": {
      "data": [
        {
          "variety": "Personal"
        }
      ],
      "data_disclosure": "Yes",
      "data_victim": [
        "Employee"
      ],
      "state": [
        "Unknown"
      ]
    }
  },
  "discovery_method": {
    "unknown": true
  },
  "impact": {
    "notes": "article doesn't specify type;",
    "overall_rating": "Unknown"
  },
  "incident_id": "08C51D8E-5E88-4895-B3D7-064410737213",
  "plus": {
    "analysis_status": "First pass",
    "analyst": "dhylender",
    "attribute": {
      "confidentiality": {
        "credit_monitoring": "Unknown"
      }
    },
    "created": "2013-10-07T10:40:00Z",
    "github": "263",
    "master_id": "08C51D8E-5E88-4895-B3D7-064410737213",
    "modified": "2014-05-10T00:58:18Z",
    "timeline": {
      "notification": {
        "day": 17,
        "month": 9,
        "year": 2013
      }
    }
  },
  "reference": "http://news.softpedia.com/news/Alleged-Anonymous-Hacker-Arrested-by-the-FBI-for-Breaching-Hidalgo-County-Site-383549.shtml ; http://www.scmagazine.com/fbi-arrests-hacker-who-may-have-ties-to-anonymous/article/312259/ ; http://www.scmagazine.com/fbi-arrests-hacker-who-may-have-ties-to-anonymous/article/312259/",
  "schema_version": "1.3.7",
  "security_incident": "Confirmed",
  "source_id": "vcdb",
  "summary": "A man believed to be connected to the Anonymous hacktivist movement was arrested by the FBI last week. Fidel Salinas Jr. is accused of hacking into the website of the Hidalgo County in Texas. ",
  "timeline": {
    "incident": {
      "day": 5,
      "month": 1,
      "year": 2013
    }
  },
  "victim": {
    "country": [
      "US"
    ],
    "employee_count": "Unknown",
    "government": [
      "Unknown"
    ],
    "industry": "921110",
    "region": [
      "019021"
    ],
    "state": "TX",
    "victim_id": "Hidalgo County"
  }
}