{
  "action": {
    "hacking": {
      "cve": "",
      "variety": [
        "SQLi",
        "Exploit vuln"
      ],
      "vector": [
        "Web application"
      ]
    }
  },
  "actor": {
    "unknown": {}
  },
  "asset": {
    "assets": [
      {
        "variety": "S - Database"
      },
      {
        "variety": "S - Web application"
      }
    ],
    "cloud": [
      "Unknown"
    ]
  },
  "attribute": {
    "confidentiality": {
      "data": [
        {
          "variety": "Personal"
        }
      ],
      "data_disclosure": "Yes",
      "state": [
        "Unknown"
      ]
    },
    "integrity": {
      "variety": [
        "Repurpose"
      ]
    }
  },
  "discovery_method": {
    "unknown": true
  },
  "impact": {
    "overall_rating": "Unknown"
  },
  "incident_id": "096C9C70-23DF-415F-8D5E-C9A4C63C394F",
  "plus": {
    "analysis_status": "First pass",
    "analyst": "swidup",
    "asset": {
      "total": "No"
    },
    "attribute": {
      "confidentiality": {
        "credit_monitoring": "Yes",
        "data_abuse": "Unknown"
      }
    },
    "created": "2013-02-05T04:41:51Z",
    "master_id": "096C9C70-23DF-415F-8D5E-C9A4C63C394F",
    "modified": "2014-05-10T00:58:18Z",
    "timeline": {
      "notification": {
        "day": 3,
        "month": 12,
        "year": 2012
      }
    }
  },
  "reference": "http://oag.ca.gov/system/files/Consumer%20Letter%20%28FINAL%2047-state%20letter%29_0.pdf?, http://doj.nh.gov/consumer/security-breaches/documents/rosenthal-collins-20121224.pdf ",
  "schema_version": "1.3.7",
  "security_incident": "Confirmed",
  "source_id": "vcdb",
  "summary": "Unauthorized access to a web application exposes customer information.",
  "timeline": {
    "incident": {
      "day": 26,
      "month": 11,
      "year": 2012
    }
  },
  "victim": {
    "country": [
      "US"
    ],
    "employee_count": "11 to 100",
    "government": [
      "NA"
    ],
    "industry": "523140",
    "region": [
      "019021"
    ],
    "revenue": {
      "amount": 17400000,
      "iso_currency_code": "USD"
    },
    "state": "IL",
    "victim_id": "Rosenthal Collins Group"
  }
}