{
  "action": {
    "error": {
      "variety": [
        "Misdelivery"
      ],
      "vector": [
        "Carelessness"
      ]
    }
  },
  "actor": {
    "internal": {
      "motive": [
        "NA"
      ],
      "variety": [
        "Unknown"
      ]
    }
  },
  "asset": {
    "assets": [
      {
        "variety": "M - Documents"
      }
    ],
    "cloud": [
      "Unknown"
    ]
  },
  "attribute": {
    "confidentiality": {
      "data": [
        {
          "variety": "Unknown"
        }
      ],
      "data_disclosure": "Yes",
      "data_total": 1
    }
  },
  "discovery_method": {
    "unknown": true
  },
  "incident_id": "A801E9F4-659B-4263-9B13-F1F2B8B1628D",
  "plus": {
    "analyst": "swid/Hyl",
    "created": "2016-02-10T07:07:18Z",
    "dbir_year": 2016,
    "master_id": "09B72B79-0AA1-4F7A-A265-9815440809E4",
    "modified": "2016-02-10T07:07:18Z"
  },
  "reference": "http://vcdb.org/pdf/va-security-feb-2015.pdf",
  "schema_version": "1.3.7",
  "security_incident": "Confirmed",
  "source_id": "vcdb",
  "summary": "Patient A received a prescription intended for Patient B. Patient Bs name and type of medication was compromised. Patient A reported the incident to the medical center and a replacement has been requested for Patient B. The Great Lakes Consolidated Mail Outpatient Pharmacy (CMOP) investigation concludes that this was a CMOP packing error. The CMOP employee will be counseled and retrained in proper packing procedures.",
  "timeline": {
    "incident": {
      "day": 4,
      "month": 2,
      "year": 2015
    }
  },
  "victim": {
    "country": [
      "US"
    ],
    "employee_count": "Over 100000",
    "government": [
      "Unknown"
    ],
    "industry": "923140",
    "region": [
      "019021"
    ],
    "state": "IL",
    "victim_id": "United States Department of Veterans Affairs"
  }
}