{
  "action": {
    "hacking": {
      "variety": [
        "Unknown"
      ],
      "vector": [
        "Web application"
      ]
    }
  },
  "actor": {
    "external": {
      "country": [
        "Unknown"
      ],
      "motive": [
        "Grudge"
      ],
      "region": [
        "000000"
      ],
      "variety": [
        "Activist"
      ]
    }
  },
  "asset": {
    "assets": [
      {
        "variety": "S - Web application"
      }
    ],
    "cloud": [
      "Unknown"
    ]
  },
  "attribute": {
    "availability": {
      "variety": [
        "Loss",
        "Interruption"
      ]
    },
    "integrity": {
      "notes": "defacement",
      "variety": [
        "Modify data",
        "Defacement"
      ]
    }
  },
  "discovery_method": {
    "external": {
      "variety": [
        "Actor disclosure"
      ]
    }
  },
  "impact": {
    "overall_rating": "Unknown"
  },
  "incident_id": "09C0F425-997C-4AC2-9580-7726250C8A2C",
  "plus": {
    "analysis_status": "First pass",
    "analyst": "dhylender",
    "created": "2014-01-12T16:56:00Z",
    "github": "1300",
    "master_id": "09C0F425-997C-4AC2-9580-7726250C8A2C",
    "modified": "2014-05-18T15:34:56Z",
    "timeline": {
      "notification": {
        "day": 11,
        "month": 10,
        "year": 2014
      }
    }
  },
  "reference": "http://www.zdnet.com/mit-website-hacked-by-anonymous-on-anniversary-of-aaron-swartz-suicide-7000025041/",
  "schema_version": "1.3.7",
  "security_incident": "Confirmed",
  "source_id": "vcdb",
  "summary": "On the anniversary of young hacker and digital activist Aaron Swartz's death, Anonymous has re-engaged its Operation Last resort to hack MIT's website, taking over the server for its Cogeneration project. ",
  "timeline": {
    "incident": {
      "day": 10,
      "month": 1,
      "year": 2013
    }
  },
  "victim": {
    "country": [
      "US"
    ],
    "employee_count": "10001 to 25000",
    "government": [
      "NA"
    ],
    "industry": "611310",
    "locations_affected": 1,
    "region": [
      "019021"
    ],
    "state": "MA",
    "victim_id": "Massachusetts Technical Institute"
  }
}