{
  "action": {
    "misuse": {
      "variety": [
        "Privilege abuse"
      ],
      "vector": [
        "LAN access"
      ]
    }
  },
  "actor": {
    "internal": {
      "motive": [
        "Fun"
      ],
      "variety": [
        "Other"
      ]
    }
  },
  "asset": {
    "assets": [
      {
        "variety": "S - Database"
      }
    ],
    "cloud": [
      "Unknown"
    ]
  },
  "attribute": {
    "confidentiality": {
      "data": [
        {
          "amount": 2,
          "variety": "Personal"
        }
      ],
      "data_disclosure": "Yes",
      "data_total": 2,
      "data_victim": [
        "Partner"
      ],
      "notes": "personal information on two fellow officers without their knowledge.",
      "state": [
        "Stored"
      ]
    }
  },
  "discovery_method": {
    "unknown": true
  },
  "impact": {
    "overall_rating": "Unknown"
  },
  "incident_id": "09C5D3D1-EBDC-4B78-A8D8-168A80FB4BE6",
  "notes": "This article mentions several instances of misuse involving this database. For this entry, just involving the main one discussed in this article involving Edwin Vargas.",
  "plus": {
    "analysis_status": "Reviewed",
    "analyst": "whbaker",
    "asset": {
      "total": "No"
    },
    "attribute": {
      "confidentiality": {
        "credit_monitoring": "No",
        "data_abuse": "Unknown"
      }
    },
    "created": "2013-08-26T01:15:38Z",
    "master_id": "09C5D3D1-EBDC-4B78-A8D8-168A80FB4BE6",
    "modified": "2014-05-10T00:58:18Z",
    "timeline": {
      "notification": {
        "year": 2013
      }
    }
  },
  "reference": "http://news.yahoo.com/nyc-cases-show-crooked-cops-abuse-fbi-database-162152158.html",
  "schema_version": "1.3.7",
  "security_incident": "Confirmed",
  "source_id": "vcdb",
  "summary": "Authorities say Edwin Vargas logged onto a federal criminal and terrorist database and ran names for reasons that had nothing to do with his duties as a New York Police Department detective. Instead, he was accused in May of looking up personal information on two fellow officers without their knowledge. At least two times, he used the NIRC database without authorization to look up information on two officers whose private email accounts he'd secretly obtained, authorities said. Prosecutors didn't give a motive, but police officials suggested he was looking to see who his ex-girlfriend, also a police officer, was chatting with. His lawyer said he was \"shocked\" by the allegations.",
  "timeline": {
    "compromise": {
      "unit": "NA"
    },
    "containment": {
      "unit": "Unknown"
    },
    "discovery": {
      "unit": "Unknown"
    },
    "exfiltration": {
      "unit": "NA"
    },
    "incident": {
      "year": 2013
    }
  },
  "victim": {
    "country": [
      "US"
    ],
    "employee_count": "Unknown",
    "government": [
      "Unknown"
    ],
    "industry": "922120",
    "region": [
      "019021"
    ],
    "state": "NY",
    "victim_id": "New York City Police Department"
  }
}