{
  "action": {
    "error": {
      "variety": [
        "Disposal error"
      ],
      "vector": [
        "Unknown"
      ]
    }
  },
  "actor": {
    "external": {
      "country": [
        "Unknown"
      ],
      "motive": [
        "Unknown"
      ],
      "region": [
        "000000"
      ],
      "variety": [
        "Unknown"
      ]
    }
  },
  "asset": {
    "assets": [
      {
        "variety": "M - Documents"
      }
    ],
    "cloud": [
      "Unknown"
    ]
  },
  "attribute": {
    "confidentiality": {
      "data": [
        {
          "amount": 2506,
          "variety": "Personal"
        }
      ],
      "data_disclosure": "Potentially",
      "data_total": 2506,
      "data_victim": [
        "Patient"
      ],
      "state": [
        "Stored"
      ]
    }
  },
  "discovery_method": {
    "unknown": true
  },
  "impact": {
    "overall_rating": "Unknown"
  },
  "incident_id": "53730EEC-29CC-4887-8E37-9F6792D55C38",
  "plus": {
    "analysis_status": "Finalized",
    "analyst": "Robert-Topper",
    "attribute": {
      "confidentiality": {
        "credit_monitoring": "Unknown"
      }
    },
    "created": "2016-09-15T18:46:00Z",
    "dbir_year": 2017,
    "github": "8042",
    "master_id": "09E71E78-7955-428F-B2E1-CA81E4C29283",
    "modified": "2016-09-15T19:04:00Z",
    "sub_source": "phidbr",
    "timeline": {
      "notification": {
        "month": 4,
        "year": 2016
      }
    }
  },
  "reference": "http://www.kcrg.com/content/news/Data-breach-for-2500-patients-at-Planned-Parenthood-in-Dubuque-385593421.html; https://www.databreaches.net/planned-parenthood-potential-patient-records-breach-in-dubuque/",
  "schema_version": "1.3.7",
  "security_incident": "Confirmed",
  "source_id": "vcdb",
  "summary": "potential breach of patients' personal health information.",
  "timeline": {
    "incident": {
      "month": 4,
      "year": 2016
    }
  },
  "victim": {
    "country": [
      "US"
    ],
    "employee_count": "101 to 1000",
    "government": [
      "NA"
    ],
    "industry": "621410",
    "locations_affected": 1,
    "region": [
      "019021"
    ],
    "state": "IA",
    "victim_id": "Planned Parenthood of the Heartland"
  }
}