{
  "action": {
    "misuse": {
      "notes": "McFall also told FOX13 the man indicted had the help of an accomplice who worked for Memphis Neurology. That person supplied him with the personal information and was fired once the investigation was launched.  McFall said 146 of their patients and employees had been victimized in this scheme, but no medical records were involved.   \"Strictly identity. No medical records. No Hipaa violations,\" McFall said.",
      "variety": [
        "Data mishandling",
        "Privilege abuse"
      ],
      "vector": [
        "LAN access"
      ]
    }
  },
  "actor": {
    "external": {
      "country": [
        "Unknown"
      ],
      "motive": [
        "Financial"
      ],
      "name": [
        "Jeremy Jones"
      ],
      "region": [
        "000000"
      ],
      "variety": [
        "Unknown"
      ]
    },
    "internal": {
      "job_change": [
        "Unknown"
      ],
      "motive": [
        "Unknown"
      ],
      "notes": "McFall also told FOX13 the man indicted had the help of an accomplice who worked for Memphis Neurology. That person supplied him with the personal information and was fired once the investigation was launched.",
      "variety": [
        "Unknown"
      ]
    }
  },
  "asset": {
    "assets": [
      {
        "variety": "S - Unknown"
      }
    ],
    "cloud": [
      "Unknown"
    ],
    "notes": "Following enumerations present before veris 1.3.3 removed: asset.governance.Unknown."
  },
  "attribute": {
    "confidentiality": {
      "data": [
        {
          "amount": 146,
          "variety": "Personal"
        }
      ],
      "data_disclosure": "Yes",
      "data_total": 146,
      "data_victim": [
        "Employee",
        "Patient"
      ],
      "notes": "Strictly identity. No medical records. ",
      "state": [
        "Stored unencrypted"
      ]
    },
    "integrity": {
      "notes": "used those identities to bilk various banks of $1,660,587.30.",
      "variety": [
        "Fraudulent transaction",
        "Misrepresentation"
      ]
    }
  },
  "discovery_method": {
    "external": {
      "variety": [
        "Law enforcement"
      ]
    }
  },
  "discovery_notes": "It sounds like the medical practice had no idea what their employee was doing/had done until law enforcement contacted them.",
  "impact": {
    "overall_amount": 1660587,
    "overall_rating": "Unknown"
  },
  "incident_id": "43A7DB3B-9DBC-4532-98C0-337E51BD1C9D",
  "notes": "McFall also told FOX13 the man indicted had the help of an accomplice who worked for Memphis Neurology. That person supplied him with the personal information and was fired once the investigation was launched.",
  "plus": {
    "analysis_status": "Finalized",
    "analyst": "anastasia",
    "attribute": {
      "confidentiality": {
        "credit_monitoring": "Unknown",
        "data_abuse": "Yes"
      }
    },
    "created": "2016-08-23T23:24:00Z",
    "dbir_year": 2017,
    "github": "7250",
    "master_id": "09F5B777-2D60-4FEC-92EF-302C6823FA71",
    "modified": "2016-08-23T23:51:00Z",
    "sub_source": "phidbr",
    "timeline": {
      "notification": {
        "day": 17,
        "month": 2,
        "year": 2016
      }
    }
  },
  "reference": "https://www.databreaches.net/memphis-man-accused-of-using-stolen-patient-identity-information-to-defraud-banks-of-1-6-million/; http://www.fox13memphis.com/news/memphis-man-accused-of-using-stolen-identities-to-defraud-banks-of-16-million/91705748",
  "schema_version": "1.3.7",
  "security_incident": "Confirmed",
  "source_id": "vcdb",
  "summary": "Memphis man accused of using stolen patient identity information to defraud banks of $1.6 million - Memphis Neurology  The affidavit of complaint against Jeremy Jones said he started stealing identities of patients of Memphis Neurology back in 2011, and he used those identities to bilk various banks of $1,660,587.30.  McFall said 146 of their patients and employees had been victimized in this scheme, but no medical records were involved.  It sounds like the medical practice had no idea what their employee was doing/had done until law enforcement contacted them.",
  "timeline": {
    "discovery": {
      "unit": "Years",
      "value": 6.0
    },
    "incident": {
      "year": 2011
    }
  },
  "victim": {
    "country": [
      "US"
    ],
    "employee_count": "Small",
    "government": [
      "NA"
    ],
    "industry": "621491",
    "region": [
      "019021"
    ],
    "state": "TN",
    "victim_id": "Memphis Neurology"
  }
}