{
  "action": {
    "misuse": {
      "variety": [
        "Privilege abuse"
      ],
      "vector": [
        "LAN access"
      ]
    }
  },
  "actor": {
    "internal": {
      "motive": [
        "Financial"
      ],
      "variety": [
        "Unknown"
      ]
    }
  },
  "asset": {
    "assets": [
      {
        "variety": "S - Database"
      }
    ],
    "cloud": [
      "Unknown"
    ]
  },
  "attribute": {
    "confidentiality": {
      "data": [
        {
          "variety": "Personal"
        }
      ],
      "data_disclosure": "Yes"
    }
  },
  "discovery_method": {
    "unknown": true
  },
  "incident_id": "0A008C34-750B-4837-809A-C28EF5765249",
  "plus": {
    "analysis_status": "First pass",
    "created": "2013-09-10T20:13:32Z",
    "master_id": "0A008C34-750B-4837-809A-C28EF5765249",
    "modified": "2014-04-27T19:37:02Z",
    "timeline": {
      "notification": {
        "day": 22,
        "month": 3,
        "year": 2013
      }
    }
  },
  "reference": "https://www.privacyrights.org/node/56209",
  "schema_version": "1.3.7",
  "security_incident": "Confirmed",
  "source_id": "vcdb",
  "summary": "A dishonest employee working at a Comfort Inn and Suites in Willard, Missouri during 2009 worked with a conspirator to misuse the information of hotel customers.  They were ordered to pay restitution of $23,000.  The dishonest employee was sentenced to three years of probation and her accomplice was sentenced to 42 months for aggravated identity theft and conspiracy to commit wire fraud.",
  "timeline": {
    "incident": {
      "year": 2009
    }
  },
  "victim": {
    "country": [
      "US"
    ],
    "employee_count": "Unknown",
    "government": [
      "NA"
    ],
    "industry": "721110",
    "region": [
      "019021"
    ],
    "state": "MO",
    "victim_id": "Comfort Inn and Suites"
  }
}