{
  "action": {
    "error": {
      "notes": "Document attached to email sent to all admitted students",
      "variety": [
        "Publishing error"
      ],
      "vector": [
        "Random error"
      ]
    }
  },
  "actor": {
    "internal": {
      "motive": [
        "NA"
      ],
      "variety": [
        "End-user"
      ]
    }
  },
  "asset": {
    "assets": [
      {
        "variety": "M - Documents"
      }
    ],
    "cloud": [
      "Unknown"
    ]
  },
  "attribute": {
    "confidentiality": {
      "data": [
        {
          "amount": 442,
          "variety": "Personal"
        }
      ],
      "data_disclosure": "Yes",
      "data_total": 442,
      "data_victim": [
        "Student"
      ],
      "state": [
        "Stored unencrypted"
      ]
    }
  },
  "discovery_method": {
    "internal": {
      "variety": [
        "Reported by employee"
      ]
    }
  },
  "impact": {
    "loss": [
      {
        "rating": "Minor",
        "variety": "Asset and fraud"
      },
      {
        "rating": "Minor",
        "variety": "Brand damage"
      },
      {
        "rating": "Minor",
        "variety": "Business disruption"
      },
      {
        "rating": "Minor",
        "variety": "Operating costs"
      },
      {
        "rating": "Moderate",
        "variety": "Legal and regulatory"
      },
      {
        "rating": "Minor",
        "variety": "Competitive advantage"
      },
      {
        "rating": "Minor",
        "variety": "Response and recovery"
      }
    ],
    "overall_rating": "Unknown"
  },
  "incident_id": "0A18D6C6-5E04-418A-B47C-B9393A888ECF",
  "plus": {
    "analysis_status": "First pass",
    "analyst": "blackfist",
    "asset": {
      "total": "No"
    },
    "attribute": {
      "confidentiality": {
        "credit_monitoring": "No",
        "data_abuse": "Unknown"
      }
    },
    "created": "2013-02-12T20:59:04Z",
    "master_id": "0A18D6C6-5E04-418A-B47C-B9393A888ECF",
    "modified": "2014-05-10T00:58:18Z",
    "timeline": {
      "notification": {
        "day": 3,
        "month": 4,
        "year": 2012
      }
    }
  },
  "reference": "http://abovethelaw.com/2012/04/baylor-law-screw-up-reveals-personal-data-of-entire-admitted-class-data-that-weve-got/ (20130212) http://sbmblog.typepad.com/sbm-blog/2012/08/httpwwwlawcomjspnljpubarticlenljjspid1202564381624baylors_accidental_doc_dump_provides_grist_for_bias_suitslreturn.html (20130212)",
  "schema_version": "1.3.7",
  "security_incident": "Confirmed",
  "source_id": "vcdb",
  "summary": "Employee accidentally attaches spreadsheet with non-public information to email being sent to students.",
  "timeline": {
    "compromise": {
      "unit": "NA"
    },
    "containment": {
      "unit": "Hours"
    },
    "discovery": {
      "unit": "Hours"
    },
    "exfiltration": {
      "unit": "NA"
    },
    "incident": {
      "day": 3,
      "month": 4,
      "year": 2012
    }
  },
  "victim": {
    "country": [
      "US"
    ],
    "employee_count": "1001 to 10000",
    "government": [
      "NA"
    ],
    "industry": "611310",
    "region": [
      "019021"
    ],
    "revenue": {
      "amount": 560980000,
      "iso_currency_code": "USD"
    },
    "state": "TX",
    "victim_id": "Baylor Law School"
  }
}