{
  "action": {
    "physical": {
      "variety": [
        "Tampering",
        "Disabled controls"
      ],
      "vector": [
        "Victim grounds"
      ]
    }
  },
  "actor": {
    "external": {
      "country": [
        "Unknown"
      ],
      "motive": [
        "Financial"
      ],
      "region": [
        "142145",
        "019021",
        "150155"
      ],
      "variety": [
        "Unknown"
      ]
    }
  },
  "asset": {
    "assets": [
      {
        "variety": "T - ATM"
      }
    ],
    "cloud": [
      "Unknown"
    ]
  },
  "attribute": {
    "confidentiality": {
      "data": [
        {
          "variety": "Payment"
        }
      ],
      "data_disclosure": "Potentially",
      "data_victim": [
        "Customer"
      ],
      "state": [
        "Processed"
      ]
    },
    "integrity": {
      "variety": [
        "Hardware tampering"
      ]
    }
  },
  "discovery_method": {
    "external": {
      "variety": [
        "Customer"
      ]
    }
  },
  "impact": {
    "overall_rating": "Unknown"
  },
  "incident_id": "0A5B4C17-D784-40F3-A85C-E22C01A5E5A2",
  "plus": {
    "analysis_status": "First pass",
    "analyst": "Spitler",
    "attribute": {
      "confidentiality": {
        "credit_monitoring": "Unknown"
      }
    },
    "created": "2014-07-22T15:40:00Z",
    "github": "2256",
    "master_id": "0A5B4C17-D784-40F3-A85C-E22C01A5E5A2",
    "modified": "2014-07-22T15:40:00Z",
    "timeline": {
      "notification": {
        "day": 28,
        "month": 5,
        "year": 2014
      }
    }
  },
  "reference": "http://www.phuketgazette.net/phuket-news/Phuket-Police-warn-new-ATM-skim-device/29596#ad-image-0",
  "schema_version": "1.3.7",
  "security_incident": "Confirmed",
  "source_id": "vcdb",
  "summary": "Skimming device discovered on ATM in a Phuket 7-11.",
  "timeline": {
    "compromise": {
      "unit": "Seconds"
    },
    "incident": {
      "month": 5,
      "year": 2014
    }
  },
  "victim": {
    "country": [
      "Unknown"
    ],
    "employee_count": "Unknown",
    "government": [
      "NA"
    ],
    "industry": "000",
    "region": [
      "000000"
    ],
    "victim_id": "Siam Commercial Bank PCL"
  }
}