{
  "action": {
    "physical": {
      "variety": [
        "Theft"
      ],
      "vector": [
        "Victim work area"
      ]
    }
  },
  "actor": {
    "external": {
      "country": [
        "Unknown"
      ],
      "motive": [
        "Financial"
      ],
      "region": [
        "000000"
      ],
      "variety": [
        "Unknown"
      ]
    }
  },
  "asset": {
    "assets": [
      {
        "variety": "U - Laptop"
      },
      {
        "variety": "U - Desktop or laptop"
      }
    ],
    "cloud": [
      "Unknown"
    ]
  },
  "attribute": {
    "availability": {
      "variety": [
        "Loss"
      ]
    },
    "confidentiality": {
      "data": [
        {
          "variety": "Medical"
        }
      ],
      "data_disclosure": "Yes",
      "data_total": 640,
      "data_victim": [
        "Patient"
      ],
      "state": [
        "Unknown"
      ]
    }
  },
  "discovery_method": {
    "unknown": true
  },
  "impact": {
    "overall_rating": "Unknown"
  },
  "incident_id": "0B0D6883-3413-4171-9611-BF0D7D24BFEA",
  "plus": {
    "analysis_status": "First pass",
    "analyst": "dhylender",
    "attribute": {
      "confidentiality": {
        "credit_monitoring": "Unknown"
      }
    },
    "created": "2014-09-22T16:35:00Z",
    "github": "4194",
    "master_id": "0B0D6883-3413-4171-9611-BF0D7D24BFEA",
    "modified": "2014-09-22T16:35:00Z",
    "timeline": {
      "notification": {
        "day": 30,
        "month": 3,
        "year": 2011
      }
    }
  },
  "reference": "http://www.phiprivacy.net/nyu-langone-medical-center-notifies-patients-that-stolen-computer-contained-clinical-information/",
  "schema_version": "1.3.7",
  "security_incident": "Confirmed",
  "source_id": "vcdb",
  "summary": "NYU Langone Medical Center notified patients recently that a desktop computer was discovered stolen from an NYU School of Medicine Faculty Group Practice physicians office on January 27, 2011. The computer contained correspondence with patients regarding their office visits but contained no financial information.",
  "timeline": {
    "incident": {
      "day": 29,
      "month": 1,
      "year": 2011
    }
  },
  "victim": {
    "country": [
      "US"
    ],
    "employee_count": "Unknown",
    "government": [
      "NA"
    ],
    "industry": "541940",
    "locations_affected": 1,
    "region": [
      "019021"
    ],
    "state": "NY",
    "victim_id": "NYU Langone Medical Center"
  }
}