{
  "action": {
    "misuse": {
      "variety": [
        "Net misuse"
      ],
      "vector": [
        "LAN access"
      ]
    }
  },
  "actor": {
    "internal": {
      "motive": [
        "Unknown"
      ],
      "variety": [
        "Unknown"
      ]
    }
  },
  "asset": {
    "assets": [
      {
        "variety": "S - Unknown"
      }
    ],
    "cloud": [
      "Unknown"
    ],
    "notes": "Following enumerations present before veris 1.3.3 removed: asset.governance.Personally owned."
  },
  "attribute": {
    "integrity": {
      "variety": [
        "Fraudulent transaction"
      ]
    }
  },
  "discovery_method": {
    "external": {
      "variety": [
        "Customer"
      ]
    }
  },
  "impact": {
    "overall_rating": "Unknown"
  },
  "incident_id": "0B6BFC37-D7A7-42EC-A173-F2E950422EB0",
  "plus": {
    "analysis_status": "First pass",
    "analyst": "Spitler",
    "created": "2013-10-14T20:18:00Z",
    "github": "564",
    "master_id": "0B6BFC37-D7A7-42EC-A173-F2E950422EB0",
    "modified": "2014-05-10T19:23:22Z",
    "timeline": {
      "notification": {
        "day": 28,
        "month": 9,
        "year": 2013
      }
    }
  },
  "reference": "http://www.stamfordadvocate.com/default/article/School-receptionist-charged-with-stealing-student-4852960.php",
  "schema_version": "1.3.7",
  "security_incident": "Confirmed",
  "source_id": "vcdb",
  "summary": "School receptionist stole personal information and used said info to open fraudulent lines of credit.",
  "timeline": {
    "compromise": {
      "unit": "NA"
    },
    "exfiltration": {
      "unit": "NA"
    },
    "incident": {
      "day": 28,
      "month": 6,
      "year": 2013
    }
  },
  "victim": {
    "country": [
      "US"
    ],
    "employee_count": "Unknown",
    "government": [
      "NA"
    ],
    "industry": "611210",
    "region": [
      "019021"
    ],
    "state": "CT",
    "victim_id": "Stamford Univeristy Institute of Allied Medical Professions"
  }
}