{
  "action": {
    "error": {
      "variety": [
        "Misconfiguration"
      ],
      "vector": [
        "Unknown"
      ]
    }
  },
  "actor": {
    "partner": {
      "country": [
        "US"
      ],
      "industry": "525120",
      "motive": [
        "NA"
      ],
      "region": [
        "019021"
      ]
    }
  },
  "asset": {
    "assets": [
      {
        "variety": "S - Web application"
      }
    ],
    "cloud": [
      "Unknown"
    ],
    "hosting": [
      "External - unknown environment"
    ],
    "management": [
      "External"
    ]
  },
  "attribute": {
    "confidentiality": {
      "data": [
        {
          "amount": 506,
          "variety": "Payment"
        }
      ],
      "data_disclosure": "Potentially",
      "data_total": 506,
      "data_victim": [
        "Customer"
      ],
      "state": [
        "Unknown"
      ]
    }
  },
  "discovery_method": {
    "unknown": true
  },
  "impact": {
    "loss": [
      {
        "rating": "Minor",
        "variety": "Response and recovery"
      }
    ],
    "overall_rating": "Unknown"
  },
  "incident_id": "0BC53B42-7F9E-43FE-853C-98B1CAF2E84F",
  "plus": {
    "analysis_status": "First pass",
    "analyst": "Splitler",
    "asset": {
      "total": "No"
    },
    "attribute": {
      "confidentiality": {
        "credit_monitoring": "Yes",
        "data_abuse": "Unknown"
      }
    },
    "created": "2013-08-07T15:48:19Z",
    "master_id": "0BC53B42-7F9E-43FE-853C-98B1CAF2E84F",
    "modified": "2014-05-10T00:58:18Z",
    "timeline": {
      "notification": {
        "day": 24,
        "month": 6,
        "year": 2013
      }
    }
  },
  "reference": "http://doj.nh.gov/consumer/security-breaches/documents/boston-teachers-union-20130624.pdf",
  "schema_version": "1.3.7",
  "security_incident": "Confirmed",
  "source_id": "vcdb",
  "summary": "Partner-administered web application / database was misconifgured in such a way that PII was publicly available and searchable. 506 employees' PII was at risk.",
  "timeline": {
    "compromise": {
      "unit": "NA"
    },
    "containment": {
      "unit": "Days"
    },
    "discovery": {
      "unit": "Unknown"
    },
    "exfiltration": {
      "unit": "NA"
    },
    "incident": {
      "year": 2013
    }
  },
  "victim": {
    "country": [
      "US"
    ],
    "employee_count": "11 to 100",
    "government": [
      "NA"
    ],
    "industry": "525120",
    "region": [
      "019021"
    ],
    "revenue": {
      "amount": 8000000,
      "iso_currency_code": "USD"
    },
    "state": "MA",
    "victim_id": "Boston Teachers Union Health and Welfare Fund"
  }
}