{
  "action": {
    "error": {
      "variety": [
        "Publishing error"
      ],
      "vector": [
        "Unknown"
      ]
    }
  },
  "actor": {
    "internal": {
      "motive": [
        "NA"
      ],
      "variety": [
        "Unknown"
      ]
    }
  },
  "asset": {
    "assets": [
      {
        "variety": "S - File"
      }
    ],
    "cloud": [
      "Unknown"
    ]
  },
  "attribute": {
    "confidentiality": {
      "data": [
        {
          "amount": 6073,
          "variety": "Personal"
        }
      ],
      "data_disclosure": "Potentially",
      "data_total": 6073,
      "data_victim": [
        "Patient"
      ],
      "state": [
        "Stored unencrypted"
      ]
    }
  },
  "discovery_method": {
    "external": {
      "variety": [
        "Unknown"
      ]
    }
  },
  "discovery_notes": "Originally it was reported that a University professor hacked the company. Later it was revealed that the professor was just alerting the university to a publishing error they had.",
  "impact": {
    "overall_rating": "Unknown"
  },
  "incident_id": "0C0FCC7E-A613-4123-AC90-C3997E30756C",
  "notes": "I would love to know the technique used, wondering if it was merely \"Google hacking\". How would professor have known to target said system.",
  "plus": {
    "analysis_status": "First pass",
    "analyst": "Spitler",
    "attribute": {
      "confidentiality": {
        "credit_monitoring": "Unknown"
      }
    },
    "created": "2014-09-06T03:18:00Z",
    "github": "4206",
    "master_id": "0C0FCC7E-A613-4123-AC90-C3997E30756C",
    "modified": "2014-09-06T03:18:00Z",
    "timeline": {
      "notification": {
        "day": 19,
        "month": 8,
        "year": 2014
      }
    }
  },
  "reference": "http://www.thenewsstar.com/story/news/local/2014/08/19/conway-server-breach-personal-information-lost/14296833/; http://www.scmagazine.com/professor-hacks-university-health-conway-in-demonstration-for-class/article/367123/;VirusShare_00137.zip",
  "schema_version": "1.3.7",
  "security_incident": "Confirmed",
  "source_id": "vcdb",
  "summary": "Professor demonstrating server vulnerabilities views data on server in front of his class. ",
  "timeline": {
    "compromise": {
      "unit": "Minutes"
    },
    "containment": {
      "unit": "Hours"
    },
    "discovery": {
      "unit": "Hours"
    },
    "exfiltration": {
      "unit": "NA"
    },
    "incident": {
      "month": 8,
      "year": 2014
    }
  },
  "victim": {
    "country": [
      "Unknown"
    ],
    "employee_count": "Unknown",
    "government": [
      "NA"
    ],
    "industry": "62",
    "locations_affected": 1,
    "region": [
      "000000"
    ],
    "victim_id": "University Health System"
  }
}