{
  "action": {
    "malware": {
      "variety": [
        "Unknown"
      ],
      "vector": [
        "Unknown"
      ]
    }
  },
  "actor": {
    "external": {
      "country": [
        "Unknown"
      ],
      "motive": [
        "Financial"
      ],
      "region": [
        "000000"
      ],
      "variety": [
        "Unknown"
      ]
    }
  },
  "asset": {
    "assets": [
      {
        "variety": "S - Web application"
      }
    ],
    "cloud": [
      "Unknown"
    ]
  },
  "attribute": {
    "confidentiality": {
      "data": [
        {
          "variety": "Payment"
        },
        {
          "variety": "Personal"
        }
      ],
      "data_disclosure": "Yes",
      "data_victim": [
        "Customer"
      ],
      "state": [
        "Unknown"
      ]
    },
    "integrity": {
      "variety": [
        "Software installation"
      ]
    }
  },
  "discovery_method": {
    "unknown": true
  },
  "impact": {
    "overall_rating": "Unknown"
  },
  "incident_id": "0C3D5AF2-CF59-41A6-9550-9261D4AAD55A",
  "plus": {
    "analysis_status": "First pass",
    "analyst": "blackfist",
    "attribute": {
      "confidentiality": {
        "credit_monitoring": "Unknown"
      }
    },
    "created": "2014-08-26T14:57:00Z",
    "github": "4139",
    "master_id": "0C3D5AF2-CF59-41A6-9550-9261D4AAD55A",
    "modified": "2014-08-26T14:57:00Z",
    "timeline": {
      "notification": {
        "day": 4,
        "month": 8,
        "year": 2014
      }
    }
  },
  "reference": "http://www.scmagazine.com/payment-cards-used-on-wireless-emporium-website-compromised-by-malware/article/364686/;http://oag.ca.gov/system/files/Wireless%20Emporium%20Breach%20Notification%20Sample_0.pdf?",
  "schema_version": "1.3.7",
  "security_incident": "Confirmed",
  "source_id": "vcdb",
  "summary": "Malware discovered on Wireless Emporium website.",
  "timeline": {
    "discovery": {
      "unit": "Months",
      "value": 8
    },
    "incident": {
      "day": 24,
      "month": 12,
      "year": 2013
    }
  },
  "victim": {
    "country": [
      "US"
    ],
    "employee_count": "11 to 100",
    "government": [
      "NA"
    ],
    "industry": "453998",
    "region": [
      "019021"
    ],
    "state": "CA",
    "victim_id": "Wireless Emporium"
  }
}