{
  "action": {
    "hacking": {
      "variety": [
        "SQLi",
        "Exploit vuln"
      ],
      "vector": [
        "Web application"
      ]
    }
  },
  "actor": {
    "external": {
      "country": [
        "TR"
      ],
      "motive": [
        "Ideology"
      ],
      "notes": "twitter @AgentCoOfficial or otherwise known as Maxn3y who in the past has leaked data from electronic giants, fast food companys, American citys and even airports.",
      "region": [
        "142145"
      ],
      "variety": [
        "Activist"
      ]
    }
  },
  "asset": {
    "assets": [
      {
        "variety": "S - Web application"
      }
    ],
    "cloud": [
      "Unknown"
    ]
  },
  "attribute": {
    "confidentiality": {
      "data": [
        {
          "variety": "Personal"
        }
      ],
      "data_disclosure": "Yes",
      "data_total": 77000
    },
    "integrity": {
      "variety": [
        "Modify data",
        "Repurpose"
      ]
    }
  },
  "discovery_method": {
    "external": {
      "variety": [
        "Actor disclosure"
      ]
    }
  },
  "incident_id": "0C6826E8-15C3-4B87-BEE9-24AB2CACFBB4",
  "plus": {
    "analysis_status": "First pass",
    "analyst": "blackfist",
    "created": "2013-12-30T22:04:23Z",
    "github": "949",
    "master_id": "0C6826E8-15C3-4B87-BEE9-24AB2CACFBB4",
    "modified": "2014-04-27T19:37:02Z",
    "timeline": {
      "notification": {
        "day": 30,
        "month": 11,
        "year": 2013
      }
    }
  },
  "reference": "http://www.cyberwarnews.info/2013/11/30/official-vodafone-iceland-hacked-and-defaced-with-77000-accounts-leaked/#.UpliZJmm088.twitter (20131230);http://www.cyberwarnews.info/reports/official-vodafone-iceland-breach-contents-report-breakdown/#.UpmRLWxTLEI.twitter (20131230);http://thehackernews.com/2013/11/vodafone-iceland-hacked-and-exposed.html# (20131230);http://www.theregister.co.uk/2013/12/02/vodafone_iceland_hacked/ (20131230)",
  "schema_version": "1.3.7",
  "security_incident": "Confirmed",
  "source_id": "vcdb",
  "summary": "Vodafone Iceland has been hacked and 77,000 customer records spaffed across the internet. The Icelandic National Broadcasting Service ruv.is reports that the hack became apparent on Saturday. By Sunday Vodafone Iceland had 'fessed up to the breach but denied other reports that personal details including bank account numbers and passwords had been revealed to the world.",
  "timeline": {
    "incident": {
      "year": 2013
    }
  },
  "victim": {
    "country": [
      "IS"
    ],
    "employee_count": "Unknown",
    "government": [
      "NA"
    ],
    "industry": "51721",
    "region": [
      "150154"
    ],
    "victim_id": "Vodafone"
  }
}