{
  "action": {
    "hacking": {
      "variety": [
        "SQLi",
        "Exploit vuln"
      ],
      "vector": [
        "Web application"
      ]
    }
  },
  "actor": {
    "external": {
      "country": [
        "Unknown"
      ],
      "motive": [
        "Fun"
      ],
      "notes": "lulzsec",
      "region": [
        "000000"
      ],
      "variety": [
        "Activist"
      ]
    }
  },
  "asset": {
    "assets": [
      {
        "variety": "S - Web application"
      }
    ],
    "cloud": [
      "Unknown"
    ],
    "notes": "Following enumerations present before veris 1.3.3 removed: asset.governance.Personally owned."
  },
  "attribute": {
    "confidentiality": {
      "data": [
        {
          "amount": 1000000,
          "variety": "Credentials"
        },
        {
          "amount": 1000000,
          "variety": "Personal"
        }
      ],
      "data_disclosure": "Yes",
      "data_total": 1000000,
      "data_victim": [
        "Customer"
      ],
      "state": [
        "Stored unencrypted"
      ]
    },
    "integrity": {
      "variety": [
        "Repurpose"
      ]
    }
  },
  "discovery_method": {
    "external": {
      "variety": [
        "Actor disclosure"
      ]
    }
  },
  "impact": {
    "overall_rating": "Unknown"
  },
  "incident_id": "0C6D8130-A1C0-407A-99C3-939126346DC7",
  "plus": {
    "analysis_status": "First pass",
    "analyst": "blackfist",
    "attribute": {
      "confidentiality": {
        "credit_monitoring": "Unknown"
      }
    },
    "created": "2014-02-13T03:56:35Z",
    "github": "1543",
    "master_id": "0C6D8130-A1C0-407A-99C3-939126346DC7",
    "modified": "2014-05-10T00:58:18Z",
    "sub_source": "priority",
    "timeline": {
      "notification": {
        "day": 2,
        "month": 6,
        "year": 2011
      }
    }
  },
  "reference": "http://mashable.com/2011/06/02/sony-pictures-hacked/ (20140212)",
  "schema_version": "1.3.7",
  "security_incident": "Confirmed",
  "source_id": "vcdb",
  "summary": "Hackers compromise website and steal customer data for 1 million users.",
  "timeline": {
    "discovery": {
      "unit": "Hours"
    },
    "incident": {
      "month": 6,
      "year": 2011
    }
  },
  "victim": {
    "country": [
      "US"
    ],
    "employee_count": "1001 to 10000",
    "government": [
      "NA"
    ],
    "industry": "512110",
    "region": [
      "019021"
    ],
    "state": "CA",
    "victim_id": "Sony Pictures Entertainment Inc."
  }
}