{
  "action": {
    "physical": {
      "variety": [
        "Theft"
      ],
      "vector": [
        "Personal vehicle"
      ]
    }
  },
  "actor": {
    "external": {
      "country": [
        "Unknown"
      ],
      "motive": [
        "Unknown"
      ],
      "region": [
        "000000"
      ],
      "variety": [
        "Unknown"
      ]
    }
  },
  "asset": {
    "assets": [
      {
        "variety": "M - Flash drive"
      }
    ],
    "cloud": [
      "Unknown"
    ],
    "notes": "\"USB stick\"Following enumerations present before veris 1.3.3 removed: asset.governance.Personally owned."
  },
  "attribute": {
    "availability": {
      "variety": [
        "Loss"
      ]
    },
    "confidentiality": {
      "data": [
        {
          "variety": "Personal"
        }
      ],
      "data_disclosure": "Potentially",
      "state": [
        "Unknown"
      ]
    }
  },
  "discovery_method": {
    "internal": {
      "variety": [
        "Reported by employee"
      ]
    }
  },
  "impact": {
    "overall_rating": "Unknown"
  },
  "incident_id": "0C96B625-D1C1-4586-B482-FCAB6535DE06",
  "plus": {
    "analysis_status": "First pass",
    "analyst": "jayjacobs",
    "attribute": {
      "confidentiality": {
        "credit_monitoring": "Unknown"
      }
    },
    "created": "2013-11-05T04:10:00Z",
    "github": "745",
    "master_id": "0C96B625-D1C1-4586-B482-FCAB6535DE06",
    "modified": "2014-04-27T19:37:02Z",
    "timeline": {
      "notification": {
        "year": 2013
      }
    }
  },
  "reference": "http://www.odt.co.nz/news/national/279367/insurance-company-privacy-breach",
  "schema_version": "1.3.7",
  "security_incident": "Confirmed",
  "source_id": "vcdb",
  "summary": "USB drive stolen from car with insurance data about customers on it.",
  "timeline": {
    "incident": {
      "year": 2013
    }
  },
  "victim": {
    "country": [
      "AU"
    ],
    "employee_count": "Unknown",
    "government": [
      "NA"
    ],
    "industry": "524113",
    "region": [
      "009053"
    ],
    "victim_id": "Fidelity Life"
  }
}