{
  "action": {
    "social": {
      "target": [
        "Unknown"
      ],
      "variety": [
        "Other"
      ],
      "vector": [
        "In-person"
      ]
    }
  },
  "actor": {
    "external": {
      "country": [
        "Unknown"
      ],
      "motive": [
        "Financial"
      ],
      "region": [
        "000000"
      ],
      "variety": [
        "Unknown"
      ]
    }
  },
  "asset": {
    "assets": [
      {
        "variety": "Unknown"
      },
      {
        "variety": "P - Unknown"
      }
    ],
    "cloud": [
      "Unknown"
    ]
  },
  "attribute": {
    "confidentiality": {
      "data": [
        {
          "variety": "Unknown"
        }
      ],
      "data_disclosure": "Yes",
      "data_total": 1
    },
    "integrity": {
      "variety": [
        "Misrepresentation",
        "Modify data",
        "Alter behavior"
      ]
    }
  },
  "discovery_method": {
    "unknown": true
  },
  "incident_id": "0C9E580D-5B63-486A-83A5-B0F9601312FA",
  "plus": {
    "analysis_status": "First pass",
    "analyst": "swidup",
    "created": "2014-05-29T20:01:01Z",
    "master_id": "0C9E580D-5B63-486A-83A5-B0F9601312FA",
    "modified": "2014-07-30T19:07:17Z"
  },
  "reference": "http://vcdb.org/pdf/va-security.pdf",
  "schema_version": "1.3.7",
  "security_incident": "Confirmed",
  "source_id": "vcdb",
  "summary": "Employee, from West LA VA, called clinic on 11/08/12 to report someone in the LA Clinic has been using the name and Social Security number of a Veteran who \nlives in Fort Smith. Patient was contacted by West LA employee and found at that time he had never been in the Los Angeles area. The person in LA is using \nPatient's A ID and Social Security number is a homeless man, no contact information is available. The VA ID picture which was taken in August, 2012, at the West \nLAVA is not Patient A. West LA employee wanted us to be aware that she has contacted the LAVA police and she will also contact IG. Patient A also presented \nto clinic on 11/7/12 with names and phone numbers of employees from West LAVA that has contacted him.",
  "timeline": {
    "incident": {
      "day": 9,
      "month": 11,
      "year": 2012
    }
  },
  "victim": {
    "country": [
      "US"
    ],
    "employee_count": "Over 100000",
    "government": [
      "Unknown"
    ],
    "industry": "923140",
    "region": [
      "019021"
    ],
    "state": "AR",
    "victim_id": "United States Department of Veterans Affairs"
  }
}