{
  "action": {
    "error": {
      "variety": [
        "Loss"
      ],
      "vector": [
        "Unknown"
      ]
    }
  },
  "actor": {
    "internal": {
      "motive": [
        "NA"
      ],
      "variety": [
        "Unknown"
      ]
    }
  },
  "asset": {
    "assets": [
      {
        "variety": "M - Flash drive"
      }
    ],
    "cloud": [
      "Unknown"
    ]
  },
  "attribute": {
    "availability": {
      "variety": [
        "Loss"
      ]
    },
    "confidentiality": {
      "data": [
        {
          "amount": 507,
          "variety": "Medical"
        }
      ],
      "data_disclosure": "Potentially",
      "data_total": 507,
      "data_victim": [
        "Patient"
      ],
      "state": [
        "Stored unencrypted"
      ]
    }
  },
  "discovery_method": {
    "unknown": true
  },
  "impact": {
    "overall_rating": "Unknown"
  },
  "incident_id": "004BC977-E210-4AF8-8778-572E168A7B9E",
  "plus": {
    "analysis_status": "First pass",
    "analyst": "swidup",
    "attribute": {
      "confidentiality": {
        "credit_monitoring": "Unknown"
      }
    },
    "created": "2014-11-10T23:12:00Z",
    "github": "4671",
    "master_id": "004BC977-E210-4AF8-8778-572E168A7B9E",
    "modified": "2014-11-10T23:12:00Z",
    "timeline": {
      "notification": {
        "year": 2014
      }
    }
  },
  "reference": "http://www.phiprivacy.net/other-breaches-newly-disclosed-on-hhss-public-breach-tool/; http://www.hhs.gov/ocr/privacy/hipaa/administrative/breachnotificationrule/breachtool.html",
  "schema_version": "1.3.7",
  "security_incident": "Confirmed",
  "source_id": "vcdb",
  "summary": "Loss of portable electronic device",
  "timeline": {
    "incident": {
      "day": 17,
      "month": 9,
      "year": 2014
    }
  },
  "victim": {
    "country": [
      "US"
    ],
    "employee_count": "Over 100000",
    "government": [
      "NA"
    ],
    "industry": "524126",
    "region": [
      "019021"
    ],
    "state": "TX",
    "victim_id": "Burlington Northern Santa Fe Group Benefits Plan"
  }
}