{
  "action": {
    "error": {
      "variety": [
        "Misdelivery"
      ],
      "vector": [
        "Unknown"
      ]
    }
  },
  "actor": {
    "internal": {
      "motive": [
        "NA"
      ],
      "variety": [
        "Executive"
      ]
    }
  },
  "asset": {
    "assets": [
      {
        "variety": "U - Desktop"
      },
      {
        "variety": "U - Desktop or laptop"
      }
    ],
    "cloud": [
      "Unknown"
    ]
  },
  "attribute": {
    "confidentiality": {
      "data": [
        {
          "variety": "Medical"
        },
        {
          "amount": 1100,
          "variety": "Personal"
        }
      ],
      "data_disclosure": "Yes",
      "data_total": 1100,
      "data_victim": [
        "Employee",
        "Student"
      ],
      "notes": "The breach involved a 19-page Microsoft Word document that contained sensitive information about several Hellgate High School students and one staff member, including the names of students in school-based mental health counseling, family-abuse cases, those diagnosed with developmental disabilities, and disciplinary action taken against certain students.  ",
      "state": [
        "Stored"
      ]
    }
  },
  "discovery_method": {
    "external": {
      "variety": [
        "Customer"
      ]
    }
  },
  "impact": {
    "overall_rating": "Unknown"
  },
  "incident_id": "9CA132C5-CA27-4D20-ACD9-F8EAFE1E3067",
  "plus": {
    "analysis_status": "Finalized",
    "analyst": "swidup",
    "attribute": {
      "confidentiality": {
        "credit_monitoring": "Unknown"
      }
    },
    "created": "2016-08-17T22:26:00Z",
    "dbir_year": 2017,
    "github": "6774",
    "master_id": "00E99EE9-817C-42A3-A352-4AD8F8C2D2A4",
    "modified": "2016-08-17T23:01:00Z",
    "sub_source": "phidbr",
    "timeline": {
      "notification": {
        "day": 8,
        "month": 12,
        "year": 2015
      }
    }
  },
  "reference": "http://www.databreaches.net/mt-hellgate-high-data-breach-reveals-confidential-student-information/; http://www.databreaches.net/hellgate-high-data-breach-included-records-of-former-deceased-students/; http://newstalkkgvo.com/hellgate-high-data-breach-reveals-confidential-student-information/; http://www.nbcmontana.com/news/mcps-holds-press-conference-for-data-breach/36860132; http://www.krtv.com/story/30700099/missoula-schools-data-breach-included-info-on-family-abuse-developmental-disabilities-disciplinary-actions; http://missoulian.com/news/local/user-error-caused-hellgate-high-data-breach-lmg-security-analysis/article_44a5e3fe-e0e4-5db4-8d3f-fa68e95e9302.html",
  "schema_version": "1.3.7",
  "security_incident": "Confirmed",
  "source_id": "vcdb",
  "summary": "Employee accidentally included attachment to email with sensitive information about current/former/deceased students and one teacher.",
  "timeline": {
    "incident": {
      "day": 4,
      "month": 12,
      "year": 2015
    }
  },
  "victim": {
    "country": [
      "US"
    ],
    "employee_count": "101 to 1000",
    "government": [
      "NA"
    ],
    "industry": "611110",
    "region": [
      "019021"
    ],
    "state": "MT",
    "victim_id": "Hellgate High School"
  }
}