{
  "action": {
    "hacking": {
      "variety": [
        "Unknown"
      ],
      "vector": [
        "Unknown"
      ]
    },
    "malware": {
      "variety": [
        "Capture app data",
        "RAM scraper"
      ],
      "vector": [
        "Unknown"
      ]
    }
  },
  "actor": {
    "external": {
      "country": [
        "Unknown"
      ],
      "motive": [
        "Financial"
      ],
      "region": [
        "000000"
      ],
      "variety": [
        "Organized crime"
      ]
    }
  },
  "asset": {
    "assets": [
      {
        "variety": "U - POS terminal"
      },
      {
        "variety": "S - POS controller"
      }
    ],
    "cloud": [
      "Unknown"
    ]
  },
  "attribute": {
    "confidentiality": {
      "data": [
        {
          "variety": "Payment"
        }
      ],
      "data_disclosure": "Yes",
      "data_victim": [
        "Customer"
      ],
      "state": [
        "Processed"
      ]
    },
    "integrity": {
      "variety": [
        "Software installation"
      ]
    }
  },
  "confidence": "Low",
  "discovery_method": {
    "unknown": true
  },
  "incident_id": "44293100-d2f9-11e8-9b3a-b50b161886e9",
  "plus": {
    "analysis_status": "Ready for review",
    "analyst": "Hylender",
    "created": "2018-10-18T23:22:36.959Z",
    "dbir_year": 2019,
    "event_chain": [
      {
        "action": "hak",
        "actor": "ext",
        "asset": "srv",
        "attribute": "cp"
      },
      {
        "action": "mal",
        "actor": "ext",
        "asset": "ter",
        "attribute": "ia"
      }
    ],
    "github": "11641",
    "master_id": "00fd327e-6929-4b23-9c52-763bdee14080",
    "modified": "2018-10-18T23:22:58.355Z",
    "timeline": {
      "notification": {
        "month": 6,
        "year": 2018
      }
    }
  },
  "reference": "https://www.wfla.com/news/local-news/pdq-victim-of-cyber-attack-customer-names-credit-card-info-may-have-been-stolen/1257027748 ;https://www.bizjournals.com/tampabay/news/2018/07/09/pdq-faces-lawsuit-over-data-breach.html ;http://www.azfamily.com/story/38490568/pdq-chicken-restaurant-warns-customers-of-a-data-breach",
  "schema_version": "1.3.7",
  "security_incident": "Confirmed",
  "source_id": "vcdb",
  "summary": "PDQ said a hacker exploited part of their computer system and accessed personal information from customers.  It is believed the hacker gained entry through an outside technology vendor's remote connection tool.",
  "targeted": "Unknown",
  "timeline": {
    "compromise": {
      "unit": "Unknown"
    },
    "containment": {
      "unit": "Unknown"
    },
    "discovery": {
      "unit": "Months",
      "value": 1
    },
    "exfiltration": {
      "unit": "Unknown"
    },
    "incident": {
      "day": 19,
      "month": 5,
      "year": 2018
    }
  },
  "victim": {
    "country": [
      "US"
    ],
    "employee_count": "101 to 1000",
    "government": [
      "NA"
    ],
    "industry": "722513",
    "region": [
      "019021"
    ],
    "state": "FL",
    "victim_id": "PDQ"
  }
}