{
  "action": {
    "physical": {
      "variety": [
        "Tampering",
        "Disabled controls"
      ],
      "vector": [
        "Unknown"
      ]
    }
  },
  "actor": {
    "external": {
      "country": [
        "Unknown"
      ],
      "motive": [
        "Financial"
      ],
      "region": [
        "000000"
      ],
      "variety": [
        "Unknown"
      ]
    }
  },
  "asset": {
    "assets": [
      {
        "variety": "T - Gas terminal"
      }
    ],
    "cloud": [
      "Unknown"
    ]
  },
  "attribute": {
    "confidentiality": {
      "data": [
        {
          "variety": "Payment"
        }
      ],
      "data_disclosure": "Potentially",
      "data_victim": [
        "Customer"
      ],
      "state": [
        "Unknown"
      ]
    },
    "integrity": {
      "variety": [
        "Hardware tampering"
      ]
    }
  },
  "discovery_method": {
    "external": {
      "variety": [
        "Customer"
      ]
    }
  },
  "impact": {
    "overall_rating": "Unknown"
  },
  "incident_id": "91AD4F00-E0E6-456D-A187-611D9A555E14",
  "plus": {
    "analysis_status": "Finalized",
    "analyst": "Robert-Topper",
    "attribute": {
      "confidentiality": {
        "credit_monitoring": "Unknown"
      }
    },
    "created": "2016-10-31T16:23:00Z",
    "dbir_year": 2017,
    "github": "8472",
    "master_id": "0102AAFF-2BF7-4D60-BDBE-1EC518229307",
    "modified": "2016-10-31T16:26:00Z",
    "timeline": {
      "notification": {
        "day": 31,
        "month": 10,
        "year": 2016
      }
    }
  },
  "reference": "http://www.kentonline.co.uk/deal/news/warning-as-card-machine-tampered-102726/",
  "schema_version": "1.3.7",
  "security_incident": "Confirmed",
  "source_id": "vcdb",
  "summary": "gas pump skimmer",
  "timeline": {
    "incident": {
      "day": 9,
      "month": 9,
      "year": 2016
    }
  },
  "victim": {
    "country": [
      "GB"
    ],
    "employee_count": "1 to 10",
    "government": [
      "NA"
    ],
    "industry": "447110",
    "locations_affected": 1,
    "region": [
      "150154"
    ],
    "victim_id": "Tesco Petrol Station"
  }
}