{
  "action": {
    "hacking": {
      "result": [
        "Exfiltrate"
      ],
      "variety": [
        "Exploit vuln"
      ],
      "vector": [
        "Web application"
      ]
    },
    "malware": {
      "name": "SinoChoper/ChinaChopper, Custom backdoor package",
      "result": [
        "Exfiltrate"
      ],
      "variety": [
        "Backdoor",
        "Backdoor or C2"
      ],
      "vector": [
        "Direct install"
      ]
    }
  },
  "actor": {
    "external": {
      "country": [
        "CN"
      ],
      "motive": [
        "Espionage"
      ],
      "name": [
        "ShaggyPanther"
      ],
      "region": [
        "142030"
      ],
      "variety": [
        "Nation-state",
        "State-affiliated"
      ]
    }
  },
  "asset": {
    "assets": [
      {
        "amount": 2,
        "variety": "S - Mail"
      }
    ],
    "cloud": [
      "On-Premise Asset(s)"
    ]
  },
  "attribute": {
    "integrity": {
      "variety": [
        "Software installation"
      ]
    },
    "unknown": {
      "notes": "Added by rules.py due to no attribute section."
    }
  },
  "campaign_id": "ShaggyPanther2019",
  "confidence": "High",
  "discovery_method": {
    "external": {
      "variety": [
        "Audit"
      ]
    }
  },
  "incident_id": "c2531320-2b4a-11ea-9dc8-9fe5cd17ac1d",
  "plus": {
    "created": "2019-12-31T04:41:50.325Z",
    "dbir_year": 2020,
    "master_id": "024775f8-d5f9-4f9d-98b7-8de93177f3de",
    "modified": "2019-12-31T05:08:31.026Z"
  },
  "schema_version": "1.3.7",
  "security_incident": "Confirmed",
  "summary": "Chinese-speaking actor compromised web-facing servers in southeast asia",
  "targeted": "Targeted",
  "timeline": {
    "compromise": {
      "unit": "Days"
    },
    "containment": {
      "unit": "Unknown"
    },
    "discovery": {
      "unit": "Days"
    },
    "exfiltration": {
      "unit": "Unknown"
    },
    "incident": {
      "month": 7,
      "year": 2019
    }
  },
  "victim": {
    "country": [
      "ID"
    ],
    "employee_count": "1001 to 10000",
    "government": [
      "Unknown"
    ],
    "industry": "928120",
    "locations_affected": 1,
    "region": [
      "142034",
      "142035"
    ]
  }
}