{
  "action": {
    "error": {
      "variety": [
        "Loss"
      ],
      "vector": [
        "Unknown"
      ]
    }
  },
  "actor": {
    "partner": {
      "country": [
        "Unknown"
      ],
      "industry": "000",
      "motive": [
        "NA"
      ],
      "region": [
        "000000"
      ]
    }
  },
  "asset": {
    "assets": [
      {
        "variety": "M - Documents"
      }
    ],
    "cloud": [
      "Unknown"
    ]
  },
  "attribute": {
    "availability": {
      "variety": [
        "Loss"
      ]
    },
    "confidentiality": {
      "data": [
        {
          "variety": "Personal"
        }
      ],
      "data_disclosure": "Potentially",
      "data_total": 14829
    }
  },
  "discovery_method": {
    "unknown": true
  },
  "incident_id": "027B8E6E-6D20-4091-9AB7-E91FDC916F3C",
  "plus": {
    "analysis_status": "First pass",
    "created": "2013-09-10T20:13:32Z",
    "master_id": "027B8E6E-6D20-4091-9AB7-E91FDC916F3C",
    "modified": "2014-04-27T19:37:01Z",
    "timeline": {
      "notification": {
        "day": 17,
        "month": 5,
        "year": 2013
      }
    }
  },
  "reference": "http://www.http://www.hhs.gov/ocr/privacy/hipaa/administrative/breachnotificationrule/breachtool.html.gov/ocr/privacy/hipaa/administrative/breachnotificationrule/breachtool.html",
  "schema_version": "1.3.7",
  "security_incident": "Confirmed",
  "source_id": "vcdb",
  "summary": "The March 20 loss of paper records may have exposed the information of patients. ZDI lost the records of their associate Delta Dental of Pennsylvania.",
  "timeline": {
    "incident": {
      "day": 20,
      "month": 3,
      "year": 2013
    }
  },
  "victim": {
    "country": [
      "US"
    ],
    "employee_count": "1 to 10",
    "government": [
      "NA"
    ],
    "industry": "524210",
    "region": [
      "019021"
    ],
    "secondary": {
      "amount": 1,
      "victim_id": [
        "ZDI"
      ]
    },
    "state": "PA",
    "victim_id": "Delta Dental of Pennsylvania"
  }
}