{
  "action": {
    "error": {
      "variety": [
        "Misdelivery"
      ],
      "vector": [
        "Carelessness"
      ]
    }
  },
  "actor": {
    "internal": {
      "motive": [
        "NA"
      ],
      "variety": [
        "Unknown"
      ]
    }
  },
  "asset": {
    "assets": [
      {
        "variety": "M - Documents"
      }
    ],
    "cloud": [
      "Unknown"
    ]
  },
  "attribute": {
    "confidentiality": {
      "data": [
        {
          "variety": "Unknown"
        }
      ],
      "data_disclosure": "Yes",
      "data_total": 1
    }
  },
  "discovery_method": {
    "unknown": true
  },
  "incident_id": "02B76CA7-52A8-4684-9C68-1F79859A95A4",
  "plus": {
    "analysis_status": "First pass",
    "analyst": "swidup",
    "created": "2014-02-21T04:07:15Z",
    "master_id": "02B76CA7-52A8-4684-9C68-1F79859A95A4",
    "modified": "2014-07-30T19:07:17Z"
  },
  "reference": "http://vcdb.org/pdf/va-security.pdf",
  "schema_version": "1.3.7",
  "security_incident": "Confirmed",
  "source_id": "vcdb",
  "summary": "On April 26, 2013, a letter was sent to Veteran A explaining the results of his most recent laboratory tests. The letter includes the language \"...I have included a\ncomplete copy of your most recent blood work....\" However, those laboratory results provided to Veteran A were those of another Veteran. This report included full\nfirst name, full middle name, last name, full social security number, and full date of birth.",
  "timeline": {
    "incident": {
      "day": 16,
      "month": 5,
      "year": 2013
    }
  },
  "victim": {
    "country": [
      "US"
    ],
    "employee_count": "Over 100000",
    "government": [
      "Unknown"
    ],
    "industry": "923140",
    "region": [
      "019021"
    ],
    "state": "ME",
    "victim_id": "United States Department of Veterans Affairs"
  }
}