{
  "action": {
    "hacking": {
      "variety": [
        "DoS"
      ],
      "vector": [
        "Unknown"
      ]
    }
  },
  "actor": {
    "external": {
      "country": [
        "Unknown"
      ],
      "motive": [
        "Unknown"
      ],
      "region": [
        "142145",
        "019021"
      ],
      "variety": [
        "Unknown"
      ]
    }
  },
  "asset": {
    "assets": [
      {
        "variety": "Unknown"
      }
    ],
    "cloud": [
      "Unknown"
    ]
  },
  "attribute": {
    "availability": {
      "variety": [
        "Interruption"
      ]
    }
  },
  "discovery_method": {
    "internal": {
      "variety": [
        "Unknown"
      ]
    }
  },
  "impact": {
    "overall_rating": "Unknown"
  },
  "incident_id": "02DB61B2-D23A-42CB-A13A-8D2BF784962F",
  "notes": "website was DoS'd and brought down for a while.",
  "plus": {
    "analysis_status": "First pass",
    "analyst": "dhylender",
    "created": "2014-06-09T12:18:00Z",
    "github": "2305",
    "master_id": "02DB61B2-D23A-42CB-A13A-8D2BF784962F",
    "modified": "2014-06-09T12:18:00Z",
    "timeline": {
      "notification": {
        "day": 4,
        "month": 6,
        "year": 2014
      }
    }
  },
  "reference": "https://au.news.yahoo.com/thewest/news/a/24150033/hackers-target-osce-website/",
  "schema_version": "1.3.7",
  "security_incident": "Confirmed",
  "source_id": "vcdb",
  "summary": "Organisation for Security and Cooperation in Europe suffered DoS attack on Wednesday.",
  "timeline": {
    "incident": {
      "day": 4,
      "month": 6,
      "year": 2014
    }
  },
  "victim": {
    "country": [
      "AT"
    ],
    "employee_count": "101 to 1000",
    "government": [
      "NA"
    ],
    "industry": "813940",
    "region": [
      "150155"
    ],
    "victim_id": "Operation for Security and Cooperation in Europe"
  }
}