{
  "action": {
    "error": {
      "variety": [
        "Misdelivery"
      ],
      "vector": [
        "Carelessness"
      ]
    }
  },
  "actor": {
    "internal": {
      "motive": [
        "NA"
      ],
      "variety": [
        "Unknown"
      ]
    }
  },
  "asset": {
    "assets": [
      {
        "variety": "M - Documents"
      }
    ],
    "cloud": [
      "Unknown"
    ]
  },
  "attribute": {
    "confidentiality": {
      "data": [
        {
          "variety": "Unknown"
        }
      ],
      "data_disclosure": "Yes",
      "data_total": 3
    }
  },
  "discovery_method": {
    "unknown": true
  },
  "incident_id": "031BA2F7-8413-4886-9FE0-D5CCB67718A9",
  "plus": {
    "analysis_status": "First pass",
    "analyst": "swidup",
    "created": "2014-11-24T16:59:31Z",
    "master_id": "031BA2F7-8413-4886-9FE0-D5CCB67718A9",
    "modified": "2014-11-24T16:59:31Z"
  },
  "reference": "http://vcdb.org/pdf/va-security-sep-2014.pdf",
  "schema_version": "1.3.7",
  "security_incident": "Confirmed",
  "source_id": "vcdb",
  "summary": "Patient B_s name and type of medical supply was compromised. Patient A reported the incident to the Muskogee VA Medical Center and a replacement has been requested for Patient B. Dallas Consolidated Mail\nPatient A received a Medline Industries medical supply intended for Patient B.\nOutpatient Pharmacy (CMOP) investigation concludes that this was a Medline packing error. The packing error has been reported to Medline for investigation and corrective action.",
  "timeline": {
    "incident": {
      "day": 23,
      "month": 9,
      "year": 2014
    }
  },
  "victim": {
    "country": [
      "US"
    ],
    "employee_count": "Over 100000",
    "government": [
      "Unknown"
    ],
    "industry": "923140",
    "region": [
      "019021"
    ],
    "state": "CA",
    "victim_id": "United States Department of Veterans Affairs"
  }
}