{
  "action": {
    "error": {
      "variety": [
        "Misdelivery"
      ],
      "vector": [
        "Unknown"
      ]
    }
  },
  "actor": {
    "internal": {
      "motive": [
        "NA"
      ],
      "variety": [
        "System admin"
      ]
    }
  },
  "asset": {
    "assets": [
      {
        "variety": "M - Documents"
      }
    ],
    "cloud": [
      "Unknown"
    ]
  },
  "attribute": {
    "confidentiality": {
      "data": [
        {
          "amount": 1,
          "variety": "Personal"
        }
      ],
      "data_disclosure": "Yes",
      "data_total": 1,
      "data_victim": [
        "Other"
      ],
      "state": [
        "Transmitted unencrypted"
      ]
    }
  },
  "discovery_method": {
    "external": {
      "variety": [
        "Customer"
      ]
    }
  },
  "impact": {
    "iso_currency_code": "GBP",
    "loss": [
      {
        "amount": 60000,
        "variety": "Legal and regulatory"
      }
    ],
    "overall_amount": 60000,
    "overall_rating": "Unknown"
  },
  "incident_id": "0343D549-E369-4A69-B80E-CEB4A81FDEFD",
  "plus": {
    "analysis_status": "First pass",
    "analyst": "gdbassett",
    "attribute": {
      "confidentiality": {
        "credit_monitoring": "Unknown"
      }
    },
    "created": "2014-08-22T21:04:00Z",
    "github": "3274",
    "master_id": "0343D549-E369-4A69-B80E-CEB4A81FDEFD",
    "modified": "2014-08-22T21:04:00Z",
    "timeline": {
      "notification": {
        "day": 19,
        "month": 11,
        "year": 2012
      }
    }
  },
  "reference": "http://ico.org.uk/news/latest_news/2012/local-councils-fined-over-300000-for-losing-personal-data-17122012;http://ico.org.uk/news/latest_news/2012/~/media/documents/library/Data_Protection/Notices/plymouth_city_council_monetary_penalty_notice.ashx",
  "schema_version": "1.3.7",
  "security_incident": "Confirmed",
  "source_id": "vcdb",
  "summary": "News release: 17 December 2012 There is an underlying problem with data protection in local government  Information Commissioner  The Information Commissioners Office (ICO) has criticised local governments attitude towards protecting personal data, after four local councils were issued civil monetary penalties.  Leeds City Council was served a monetary penalty of 95,000, Plymouth City Council 60,000 and Devon County Council 90,000 after separate incidents saw details of child care cases sent to the wrong recipients, while the London Borough of Lewisham was issued a penalty of 70,000 after social work papers were left on a train.  The penalties mean that nineteen local councils have now received monetary penalties for breaching the Data Protection Act, totalling 1,885,000.  Leeds City Council The case in Leeds saw sensitive personal details about a child in care sent to the wrong person, revealing details of a criminal offence, school attendance and information about the childs relationship with their mother.  When sending internal mail, the council re-use envelopes that have been used for external mail. But in this case the external address wasnt crossed out, and so the sensitive file was posted to someone who had nothing to do with this case.  More details can be found in the final penalty notice.  Plymouth City Council  The breach at Plymouth City Council followed a similar pattern, with information passed to the wrong recipient including highly sensitive personal information about two parents and four children, notably allegations of child neglect relating to ongoing care proceedings.  The breach occurred when two reports about separate child neglect cases were sent to the same shared printer. Three pages from the first report were mistakenly collected with the papers from the second case, and so were handed to the wrong family.  More details can be found in the final penalty notice.  Devon County Council In Devon, a social worker used a previous case as a template for an adoption panel report they were writing, but a copy of the old report was sent out instead of the new one.  The mistake revealed personal data of 22 people, including details of alleged criminal offences and mental and physical health.  More details can be found in the final penalty notice.  London Borough of Lewisham In Lewisham, a social worker left sensitive documents in a plastic shopping bag on a train, after taking them home to work on.  The files, which were later recovered from the rail companys lost property office, included GP and police reports and allegations of sexual abuse and neglect.  More details can be found in the final penalty notice.  Information Commissioner Christopher Graham said:  We are fast approaching two million pounds worth of monetary penalties issued to UK councils for breaching the Data Protection Act, with nineteen councils failing to have the most straightforward of procedures in place  It would be far too easy to consider these breaches as simple human error. The reality is that they are caused by councils treating sensitive personal data in the same routine way they would deal with more general correspondence. Far too often in these cases, the councils do not appear to have acknowledged that the data they are handling is about real people, and often the more vulnerable members of society.  The distress that these incidents would have caused to the people involved is obvious. The penalties we have issued will be of little solace to them, but we do hope it will stop other people having to endure similar distress by sending out a clear message that this type of approach to personal data will not be tolerated.  There is clearly an underlying problem with data protection in local government and we will be meeting with stakeholders from across the sector to discuss how we can support them in addressing these problems.  The ICO is pressing the Ministry of Justice for stronger powers to audit local councils data protection compliance, if necessary without consent.  The same powers are sought for NHS bodies across the UK following a series of data protection breaches in the health sector.  You can see details of the councils who have been issued with civil monetary penalties at: http://www.ico.gov.uk/enforcement/fines.aspx. All monetary penalties are paid into the Treasurys Consolidated Fund and are not kept by the Commissioner.  Notes to Editors 1. The Information Commissioners Office upholds information rights in the public interest, promoting openness by public bodies and data privacy for individuals.   2. The ICO has specific responsibilities set out in the Data Protection Act 1998, the Freedom of Information Act 2000, Environmental Information Regulations 2004 and Privacy and Electronic Communications Regulations 2003.   3. The ICO is on Twitter, Facebook and LinkedIn, and produces a monthly e-newsletter. Our For the media page provides more information for journalists.   4. Anyone who processes personal information must comply with eight principles of the Data Protection Act, which make sure that personal information is:   Fairly and lawfully processed Processed for limited purposes Adequate, relevant and not excessive Accurate and up to date Not kept for longer than is necessary Processed in line with your rights Secure Not transferred to other countries without adequate protection",
  "timeline": {
    "incident": {
      "day": 23,
      "month": 11,
      "year": 2011
    }
  },
  "victim": {
    "country": [
      "GB"
    ],
    "employee_count": "Large",
    "government": [
      "Unknown"
    ],
    "industry": "921110",
    "locations_affected": 1,
    "region": [
      "150154"
    ],
    "victim_id": "Plymouth City Council"
  }
}