{
  "action": {
    "physical": {
      "result": [
        "Infiltrate",
        "Exfiltrate"
      ],
      "variety": [
        "Skimmer"
      ],
      "vector": [
        "Victim public area"
      ]
    }
  },
  "actor": {
    "external": {
      "country": [
        "US"
      ],
      "motive": [
        "Financial"
      ],
      "region": [
        "019021"
      ],
      "variety": [
        "Unknown"
      ]
    }
  },
  "asset": {
    "assets": [
      {
        "amount": 1,
        "variety": "T - Gas terminal"
      }
    ],
    "cloud": [
      "Unknown"
    ],
    "total_amount": 1
  },
  "attribute": {
    "confidentiality": {
      "data": [
        {
          "variety": "Payment"
        }
      ],
      "data_disclosure": "Potentially",
      "data_victim": [
        "Customer"
      ],
      "notes": "gas pump skimmer",
      "state": [
        "Processed"
      ]
    },
    "integrity": {
      "variety": [
        "Hardware tampering"
      ]
    }
  },
  "confidence": "Low",
  "discovery_method": {
    "internal": {
      "variety": [
        "Reported by employee"
      ]
    }
  },
  "discovery_notes": "maintenance worker saw that gas pumps had been tampered with.",
  "incident_id": "2db61a60-c95d-11e7-a5ba-7f961e325ca3",
  "plus": {
    "analysis_status": "Reviewed",
    "analyst": "Hylender",
    "attribute": {
      "confidentiality": {
        "credit_monitoring": "Unknown",
        "data_abuse": "Other"
      }
    },
    "created": "2017-11-14T23:12:51.929Z",
    "dbir_year": 2018,
    "github": "9467",
    "master_id": "0343ccae-cfdf-4403-8f2a-41ef80bdd94f",
    "modified": "2017-11-14T23:12:51.929Z",
    "timeline": {
      "notification": {
        "day": 16,
        "month": 6,
        "year": 2017
      }
    }
  },
  "reference": "http://www.wesh.com/article/skimming-device-found-at-cocoa-gas-station/10036202",
  "schema_version": "1.3.7",
  "security_incident": "Confirmed",
  "source_id": "vcdb",
  "summary": "A maintenance worker found skimming devices on gas pumps at a gas station in Cocoa, Florida. No indication of who put them there, how long they had been there or how many cards were compromised.",
  "targeted": "Targeted",
  "timeline": {
    "incident": {
      "day": 14,
      "month": 6,
      "year": 2017
    }
  },
  "victim": {
    "country": [
      "US"
    ],
    "employee_count": "1 to 10",
    "government": [
      "NA"
    ],
    "industry": "447110",
    "locations_affected": 1,
    "region": [
      "019021"
    ],
    "state": "FL",
    "victim_id": "Chevron Gas Station"
  }
}