{
  "action": {
    "error": {
      "variety": [
        "Disposal error"
      ],
      "vector": [
        "Carelessness"
      ]
    }
  },
  "actor": {
    "internal": {
      "motive": [
        "NA"
      ],
      "variety": [
        "Unknown"
      ]
    }
  },
  "asset": {
    "assets": [
      {
        "variety": "M - Documents"
      }
    ],
    "cloud": [
      "Unknown"
    ],
    "total_amount": 16154
  },
  "attribute": {
    "confidentiality": {
      "data": [
        {
          "variety": "Medical"
        }
      ],
      "data_disclosure": "Potentially",
      "data_total": 16154,
      "data_victim": [
        "Customer"
      ],
      "state": [
        "Printed"
      ]
    }
  },
  "confidence": "Medium",
  "control_failure": "failure to follow proper disposal procedure.",
  "cost_corrective_action": "Simple and cheap",
  "discovery_method": {
    "unknown": true
  },
  "impact": {
    "overall_rating": "Insignificant"
  },
  "incident_id": "2a78a570-9b0d-11e8-afb8-29dacb44caa2",
  "plus": {
    "analysis_status": "First pass",
    "analyst": "Hylender",
    "created": "2018-08-08T18:39:39.441Z",
    "dbir_year": 2018,
    "github": "11899",
    "master_id": "038889a1-1fa5-47f0-858f-5e302523b81d",
    "modified": "2018-08-08T18:39:39.441Z",
    "sub_source": "phidbr",
    "timeline": {
      "notification": {
        "month": 7,
        "year": 2018
      }
    }
  },
  "reference": "https://www.hipaajournal.com/lane-county-health-human-services-new-england-dermatology-breach/",
  "schema_version": "1.3.7",
  "security_incident": "Confirmed",
  "source_id": "vcdb",
  "summary": "The patient records of 16,154 patients were incorrectly disposed of and personal information may have been viewed.",
  "timeline": {
    "compromise": {
      "unit": "NA"
    },
    "containment": {
      "unit": "Never"
    },
    "discovery": {
      "unit": "Unknown"
    },
    "exfiltration": {
      "unit": "NA"
    },
    "incident": {
      "day": 27,
      "month": 8,
      "year": 2018
    }
  },
  "victim": {
    "country": [
      "US"
    ],
    "employee_count": "101 to 1000",
    "government": [
      "NA"
    ],
    "industry": "621111",
    "locations_affected": 1,
    "region": [
      "019021"
    ],
    "state": "MA",
    "victim_id": "New England Dermatology"
  }
}