{
  "action": {
    "physical": {
      "variety": [
        "Theft"
      ],
      "vector": [
        "Unknown"
      ]
    }
  },
  "actor": {
    "external": {
      "country": [
        "Unknown"
      ],
      "motive": [
        "Financial"
      ],
      "region": [
        "000000"
      ],
      "variety": [
        "Unknown"
      ]
    }
  },
  "asset": {
    "assets": [
      {
        "variety": "U - Unknown"
      }
    ],
    "cloud": [
      "Unknown"
    ]
  },
  "attribute": {
    "availability": {
      "variety": [
        "Loss"
      ]
    },
    "confidentiality": {
      "data": [
        {
          "amount": 1863,
          "variety": "Medical"
        }
      ],
      "data_disclosure": "Potentially",
      "data_total": 1863,
      "data_victim": [
        "Patient"
      ],
      "state": [
        "Stored unencrypted"
      ]
    }
  },
  "discovery_method": {
    "unknown": true
  },
  "impact": {
    "overall_rating": "Unknown"
  },
  "incident_id": "039A534F-A945-4181-B9DB-3838893BE14E",
  "plus": {
    "analysis_status": "First pass",
    "analyst": "swidup",
    "attribute": {
      "confidentiality": {
        "credit_monitoring": "Unknown"
      }
    },
    "created": "2015-07-16T22:35:22Z",
    "master_id": "039A534F-A945-4181-B9DB-3838893BE14E",
    "modified": "2015-07-16T22:35:22Z",
    "timeline": {
      "notification": {
        "year": 2014
      }
    }
  },
  "reference": "https://ocrportal.hhs.gov/ocr/breach/breach_report.jsf",
  "schema_version": "1.3.7",
  "security_incident": "Confirmed",
  "source_id": "vcdb",
  "summary": "Theft results in the exposure of 1863 records.",
  "timeline": {
    "incident": {
      "day": 15,
      "month": 10,
      "year": 2014
    }
  },
  "victim": {
    "country": [
      "US"
    ],
    "employee_count": "101 to 1000",
    "government": [
      "NA"
    ],
    "industry": "621111",
    "region": [
      "019021"
    ],
    "state": "CA",
    "victim_id": "Graybill Medical Group"
  }
}