{
  "action": {
    "error": {
      "variety": [
        "Misdelivery"
      ],
      "vector": [
        "Unknown"
      ]
    }
  },
  "actor": {
    "partner": {
      "country": [
        "Unknown"
      ],
      "industry": "000",
      "motive": [
        "NA"
      ],
      "notes": "Aetna - (conexis)",
      "region": [
        "000000"
      ]
    }
  },
  "asset": {
    "assets": [
      {
        "variety": "U - Desktop"
      },
      {
        "variety": "U - Desktop or laptop"
      }
    ],
    "cloud": [
      "Unknown"
    ]
  },
  "attribute": {
    "confidentiality": {
      "data": [
        {
          "variety": "Personal"
        }
      ],
      "data_disclosure": "Yes",
      "data_total": 13000,
      "data_victim": [
        "Employee"
      ],
      "notes": "only sent to 11 state employees, so no fraud is expected.",
      "state": [
        "Transmitted encrypted"
      ]
    }
  },
  "discovery_method": {
    "unknown": true
  },
  "impact": {
    "overall_rating": "Unknown"
  },
  "incident_id": "039CB0B2-F6CD-4B72-9A0A-AD0E7A7D7F20",
  "plus": {
    "analysis_status": "First pass",
    "analyst": "dhylender",
    "attribute": {
      "confidentiality": {
        "credit_monitoring": "Yes",
        "credit_monitoring_years": 1
      }
    },
    "created": "2013-09-13T16:59:00Z",
    "github": "208",
    "master_id": "039CB0B2-F6CD-4B72-9A0A-AD0E7A7D7F20",
    "modified": "2014-05-10T00:58:18Z",
    "timeline": {
      "notification": {
        "day": 11,
        "month": 9,
        "year": 2013
      }
    }
  },
  "reference": "http://www.dailyprogress.com/opinion/editorials/leaks-show-fragility-of-our-privacy/article_4a3aec3a-1a64-11e3-a3cc-001a4bcf6878.html",
  "schema_version": "1.3.7",
  "security_incident": "Confirmed",
  "source_id": "vcdb",
  "summary": "The Virginia Department of Human Resource Management announced that personal information on 13,000 state employees was mistakenly released. The information included Social Security numbers.",
  "timeline": {
    "incident": {
      "year": 2013
    }
  },
  "victim": {
    "country": [
      "US"
    ],
    "employee_count": "Unknown",
    "government": [
      "Unknown"
    ],
    "industry": "921110",
    "region": [
      "019021"
    ],
    "state": "VA",
    "victim_id": "Virginia Department of Human Resources Management"
  }
}