{
  "action": {
    "unknown": {}
  },
  "actor": {
    "unknown": {}
  },
  "asset": {
    "assets": [
      {
        "variety": "M - Documents"
      }
    ],
    "cloud": [
      "Unknown"
    ]
  },
  "attribute": {
    "confidentiality": {
      "data": [
        {
          "amount": 1288,
          "variety": "Medical"
        }
      ],
      "data_disclosure": "Potentially",
      "data_total": 1288
    }
  },
  "discovery_method": {
    "unknown": true
  },
  "impact": {
    "overall_rating": "Unknown"
  },
  "incident_id": "03BEF0EF-0925-4711-8859-1EC0131397F3",
  "plus": {
    "analysis_status": "First pass",
    "created": "2013-04-12T22:29:56Z",
    "master_id": "03BEF0EF-0925-4711-8859-1EC0131397F3",
    "modified": "2014-04-27T19:37:01Z"
  },
  "schema_version": "1.3.7",
  "security_incident": "Confirmed",
  "source_id": "vcdb",
  "summary": "",
  "timeline": {
    "discovery": {
      "unit": "Unknown"
    },
    "incident": {
      "day": 14,
      "month": 6,
      "year": 2011
    }
  },
  "victim": {
    "country": [
      "US"
    ],
    "employee_count": "11 to 100",
    "government": [
      "NA"
    ],
    "industry": "621111",
    "region": [
      "019021"
    ],
    "state": "MO",
    "victim_id": "University of Missouri Health Care"
  }
}