{
  "action": {
    "error": {
      "variety": [
        "Misdelivery"
      ],
      "vector": [
        "Carelessness"
      ]
    }
  },
  "actor": {
    "internal": {
      "motive": [
        "NA"
      ],
      "variety": [
        "Unknown"
      ]
    }
  },
  "asset": {
    "assets": [
      {
        "variety": "M - Documents"
      }
    ],
    "cloud": [
      "Unknown"
    ]
  },
  "attribute": {
    "confidentiality": {
      "data": [
        {
          "variety": "Unknown"
        }
      ],
      "data_disclosure": "Yes",
      "data_total": 61
    }
  },
  "discovery_method": {
    "unknown": true
  },
  "incident_id": "18086BDC-29DD-46F7-8A05-A372C392CA95",
  "plus": {
    "analyst": "swid/Hyl",
    "created": "2016-02-10T07:07:18Z",
    "dbir_year": 2016,
    "master_id": "042DECA9-1A5F-4EDD-A192-25DE9EF21A7E",
    "modified": "2016-02-10T07:07:18Z"
  },
  "reference": "http://vcdb.org/pdf/va-security-apr-2015.pdf",
  "schema_version": "1.3.7",
  "security_incident": "Confirmed",
  "source_id": "vcdb",
  "summary": "On 03/19/15, 03/26/15, and 04/02/15, 61 potential research study participants were sent letters with incorrect addresses on three different occasions. Two participants contacted the facility to say that they received letters that included their address, but another person's name instead of theirs. Because the contact database contained information from Veterans who participated in research years ago, staff assumed that this meant that the addresses in that contact database were no longer valid. However, on the morning of 04/13/15, the primary investigator (PI), regulatory coordinator, and study coordinator reviewed the problem. They cross checked the contact database with the mail out recipient list and discovered that the list had been sorted incorrectly, which resulted in up to 61 instances of Veteran A receiving Veteran B's recruitment letter. The recruitment letter(s) indicate that the study being recruited for is a \"PTSD and Smoking Cessation\" study.",
  "timeline": {
    "incident": {
      "day": 13,
      "month": 4,
      "year": 2015
    }
  },
  "victim": {
    "country": [
      "US"
    ],
    "employee_count": "Over 100000",
    "government": [
      "Unknown"
    ],
    "industry": "923140",
    "region": [
      "019021"
    ],
    "state": "NC",
    "victim_id": "United States Department of Veterans Affairs"
  }
}