{
  "action": {
    "error": {
      "variety": [
        "Misdelivery"
      ],
      "vector": [
        "Carelessness"
      ]
    }
  },
  "actor": {
    "internal": {
      "motive": [
        "NA"
      ],
      "variety": [
        "Unknown"
      ]
    }
  },
  "asset": {
    "assets": [
      {
        "variety": "M - Documents"
      }
    ],
    "cloud": [
      "Unknown"
    ]
  },
  "attribute": {
    "confidentiality": {
      "data": [
        {
          "variety": "Unknown"
        }
      ],
      "data_disclosure": "Yes",
      "data_total": 106
    }
  },
  "discovery_method": {
    "unknown": true
  },
  "incident_id": "043C37EB-930B-4902-90AC-8C9AD3973A79",
  "plus": {
    "analysis_status": "First pass",
    "analyst": "swidup",
    "created": "2014-02-21T04:07:15Z",
    "master_id": "043C37EB-930B-4902-90AC-8C9AD3973A79",
    "modified": "2014-07-30T19:07:17Z"
  },
  "reference": "http://vcdb.org/pdf/va-security.pdf",
  "schema_version": "1.3.7",
  "security_incident": "Confirmed",
  "source_id": "vcdb",
  "summary": "Veteran A was inadvertently given Veteran B's discharge diagnosis and medication name and dosage. The Physician realized the mishap and called Veteran A,\nwho received the information. Veteran A was instructed to shred the information. The Chief Emergency Room Physician is calling Veteran A to see how the\ninformation was disposed of. The Privacy Officer (PO) informed the Physician that if the Veteran did not shred it ask the Veteran to forward the discharge summary\nback to the facility to the PO's attention.\nIncident Update\n02/04/13:\nVeteran B will be sent a letter offering credit protection services as his full SSN and medical information was disclosed.\nNOTE: There were a total of 106 Mis-Handled incidents this reporting period. Because of repetition, the other 105 are not included in this report, but are included in\nthe \"Mis-Handled Incidents\" count at the end of this report. In all incidents, Veterans will receive a notification letter and/or credit monitoring will be offered if\nappropriate.",
  "timeline": {
    "incident": {
      "day": 4,
      "month": 2,
      "year": 2013
    }
  },
  "victim": {
    "country": [
      "US"
    ],
    "employee_count": "Over 100000",
    "government": [
      "Unknown"
    ],
    "industry": "923140",
    "region": [
      "019021"
    ],
    "state": "CT",
    "victim_id": "United States Department of Veterans Affairs"
  }
}