{
  "action": {
    "social": {
      "target": [
        "Finance"
      ],
      "variety": [
        "Pretexting"
      ],
      "vector": [
        "Email"
      ]
    }
  },
  "actor": {
    "external": {
      "country": [
        "Unknown"
      ],
      "motive": [
        "Financial"
      ],
      "region": [
        "000000"
      ],
      "variety": [
        "Unknown"
      ]
    }
  },
  "asset": {
    "assets": [
      {
        "variety": "P - Finance"
      }
    ],
    "cloud": [
      "Unknown"
    ],
    "country": [
      "Unknown"
    ],
    "management": [
      "Internal"
    ],
    "notes": "Wire Transfer"
  },
  "attribute": {
    "availability": {
      "duration": {
        "unit": "NA"
      },
      "notes": "Permanent Loss",
      "variety": [
        "Loss"
      ]
    },
    "integrity": {
      "variety": [
        "Alter behavior"
      ]
    }
  },
  "confidence": "High",
  "control_failure": "Strengthen procedures around money transfers and validation of identity of vendors/partners.",
  "cost_corrective_action": "Simple and cheap",
  "discovery_method": {
    "internal": {
      "variety": [
        "Reported by employee"
      ]
    }
  },
  "impact": {
    "iso_currency_code": "USD",
    "loss": [
      {
        "amount": 834000,
        "rating": "Moderate",
        "variety": "Asset and fraud"
      }
    ],
    "overall_amount": 834000,
    "overall_rating": "Painful"
  },
  "incident_id": "f1dfe4a0-9047-11e8-8b32-9bc4732308c2",
  "plus": {
    "analysis_status": "Reviewed",
    "analyst": "jasoncmiller79",
    "created": "2018-07-26T00:47:15.953Z",
    "dbir_year": 2019,
    "event_chain": [
      {
        "action": "soc",
        "actor": "ext",
        "asset": "ppl",
        "attribute": "ia",
        "summary": "Pretexting"
      }
    ],
    "github": "11807",
    "master_id": "04f7e09d-93a3-4da1-9de9-85bd835ea01c",
    "modified": "2018-08-09T18:14:08.684Z",
    "timeline": {
      "notification": {
        "month": 5,
        "year": 2018
      }
    }
  },
  "reference": "https://www.insurancejournal.com/news/national/2018/07/17/495389.htm; https://www.insurancejournal.com/app/uploads/2018/07/American-Tooling-v-Travelers.pdf",
  "schema_version": "1.3.7",
  "security_incident": "Confirmed",
  "source_id": "vcdb",
  "summary": "a federal appeals court has sided with a commercial policyholder where the insurer denied coverage under a computer fraud provision of a crime insurance policy for a money transfer involving fraudulent emails.  The Sixth Circuit appeals court found that Travelers was wrong to deny the claim of American Tooling Center, a Michigan tool-and-die company that wired $800,000 in funds to a fraudster\u2019s account in the belief the account belonged to one of its Chinese subcontractors.",
  "targeted": "Targeted",
  "timeline": {
    "compromise": {
      "unit": "Days",
      "value": 9
    },
    "discovery": {
      "unit": "Months",
      "value": 3
    },
    "incident": {
      "day": 27,
      "month": 3,
      "year": 2015
    }
  },
  "value_chain": {
    "distribution": {
      "notes": "VERIS 1.3.6: value_chain.distribution.variety.Email added because action.social.vector.Email exists.",
      "variety": [
        "Email"
      ]
    }
  },
  "victim": {
    "country": [
      "US"
    ],
    "employee_count": "11 to 100",
    "government": [
      "NA"
    ],
    "industry": "333514",
    "region": [
      "019021"
    ],
    "state": "MI",
    "victim_id": "American Tooling Center"
  }
}