{
  "action": {
    "hacking": {
      "variety": [
        "SQLi",
        "Exploit vuln"
      ],
      "vector": [
        "Web application"
      ]
    }
  },
  "actor": {
    "external": {
      "country": [
        "Unknown"
      ],
      "motive": [
        "Unknown"
      ],
      "region": [
        "000000"
      ],
      "variety": [
        "Unknown"
      ]
    }
  },
  "asset": {
    "assets": [
      {
        "variety": "S - Web application"
      }
    ],
    "cloud": [
      "Unknown"
    ]
  },
  "attribute": {
    "availability": {
      "variety": [
        "Loss"
      ]
    },
    "confidentiality": {
      "data": [
        {
          "variety": "Credentials"
        }
      ],
      "data_disclosure": "Yes",
      "data_victim": [
        "Customer"
      ],
      "state": [
        "Stored"
      ]
    },
    "integrity": {
      "variety": [
        "Repurpose"
      ]
    }
  },
  "discovery_method": {
    "unknown": true
  },
  "impact": {
    "overall_rating": "Unknown"
  },
  "incident_id": "0584179A-92DC-418F-88B4-49C8CF6A127F",
  "plus": {
    "analysis_status": "Finalized",
    "analyst": "Spitler",
    "attribute": {
      "confidentiality": {
        "credit_monitoring": "Unknown"
      }
    },
    "created": "2016-02-03T00:47:00Z",
    "dbir_year": 2016,
    "github": "6482",
    "master_id": "0584179A-92DC-418F-88B4-49C8CF6A127F",
    "modified": "2016-02-03T00:47:00Z",
    "timeline": {
      "notification": {
        "day": 27,
        "month": 9,
        "year": 2015
      }
    }
  },
  "reference": "http://smdp.com/data-breach-involves-big-blue-bus-customers/151000",
  "schema_version": "1.3.7",
  "security_incident": "Confirmed",
  "source_id": "vcdb",
  "summary": "Database compromise discloses user credentials",
  "timeline": {
    "incident": {
      "year": 2015
    }
  },
  "victim": {
    "country": [
      "US"
    ],
    "employee_count": "Small",
    "government": [
      "NA"
    ],
    "industry": "519130",
    "region": [
      "019021"
    ],
    "state": "CA",
    "victim_id": "NextBus"
  }
}