{
  "action": {
    "hacking": {
      "variety": [
        "Brute force"
      ],
      "vector": [
        "Unknown"
      ]
    }
  },
  "actor": {
    "external": {
      "country": [
        "Unknown"
      ],
      "motive": [
        "Grudge"
      ],
      "region": [
        "000000"
      ],
      "variety": [
        "Unknown"
      ]
    }
  },
  "asset": {
    "assets": [
      {
        "variety": "S - Database"
      }
    ],
    "cloud": [
      "Unknown"
    ]
  },
  "attribute": {
    "confidentiality": {
      "data": [
        {
          "variety": "Classified"
        },
        {
          "variety": "Internal"
        }
      ],
      "data_disclosure": "Yes",
      "data_total": 16000,
      "data_victim": [
        "Other"
      ],
      "notes": "Hackers released 911 calls, witness and victim statements, names of young crime victims, names and personal phone numbers of SWAT team members, a blueprint that could allow sex predators to avoid arrest, and possibly sheriff employee passwords were posted. SWAT team information such as the unit's operating guide and number of snipers was also posted.  Personal information including Swat team member home and cell phone numbers.",
      "state": [
        "Stored"
      ]
    }
  },
  "discovery_method": {
    "other": true
  },
  "impact": {
    "overall_rating": "Unknown"
  },
  "incident_id": "05D8E8E5-B90F-41B5-8CCB-64D078236177",
  "plus": {
    "analysis_status": "First pass",
    "analyst": "abooker",
    "asset": {
      "total": "No"
    },
    "attribute": {
      "confidentiality": {
        "credit_monitoring": "Unknown",
        "data_abuse": "Unknown"
      }
    },
    "created": "2013-02-15T14:31:21Z",
    "master_id": "05D8E8E5-B90F-41B5-8CCB-64D078236177",
    "modified": "2014-05-10T00:58:18Z",
    "timeline": {
      "notification": {
        "day": 7,
        "month": 5,
        "year": 2012
      }
    }
  },
  "reference": "http://www.privacyrights.org/data-breach?order=field_breach_total_value&sort=asc&title=; http://news.softpedia.com/newsImage/FBI-Investigates-Lake-County-Sheriff-s-Office-Hack-2.png/; http://www.sun-sentinel.com/news/local/breakingnews/os-hacking-site-lake-sheriffs-office-20120505,0,58306.story",
  "schema_version": "1.3.7",
  "security_incident": "Confirmed",
  "source_id": "vcdb",
  "summary": "Hackers were able to access and post law enforcement files online.  ",
  "timeline": {
    "incident": {
      "day": 28,
      "month": 4,
      "year": 2012
    }
  },
  "victim": {
    "country": [
      "US"
    ],
    "employee_count": "101 to 1000",
    "government": [
      "Unknown"
    ],
    "industry": "922120",
    "region": [
      "019021"
    ],
    "state": "FL",
    "victim_id": "Lake County Sheriff's Office"
  }
}