{
  "action": {
    "misuse": {
      "variety": [
        "Privilege abuse"
      ],
      "vector": [
        "LAN access"
      ]
    }
  },
  "actor": {
    "internal": {
      "job_change": [
        "Let go"
      ],
      "motive": [
        "Unknown",
        "Financial"
      ],
      "variety": [
        "Unknown",
        "End-user"
      ]
    }
  },
  "asset": {
    "assets": [
      {
        "variety": "S - Database"
      }
    ],
    "cloud": [
      "Unknown"
    ]
  },
  "attribute": {
    "confidentiality": {
      "data": [
        {
          "amount": 14,
          "variety": "Medical"
        }
      ],
      "data_disclosure": "Yes",
      "data_total": 14,
      "data_victim": [
        "Patient"
      ],
      "state": [
        "Stored"
      ]
    }
  },
  "discovery_method": {
    "external": {
      "variety": [
        "Customer"
      ]
    }
  },
  "discovery_notes": "Committed ID fraud against her own maid of honor and used her real phone number when establishing fraudulent lines of credit.",
  "impact": {
    "overall_rating": "Unknown"
  },
  "incident_id": "A9F6B87B-0D86-4FB3-B16B-BF79D76CB209",
  "plus": {
    "analysis_status": "Finalized",
    "analyst": "Spitler",
    "attribute": {
      "confidentiality": {
        "credit_monitoring": "Unknown",
        "data_abuse": "Yes"
      }
    },
    "created": "2016-08-25T15:33:00Z",
    "dbir_year": 2016,
    "github": "5795",
    "master_id": "05E2AFF6-9539-4815-B717-800641BDC209",
    "modified": "2016-08-25T15:47:00Z",
    "sub_source": "phidbr",
    "timeline": {
      "notification": {
        "day": 12,
        "month": 5,
        "year": 2015
      }
    }
  },
  "reference": "http://www.seattlepi.com/local/article/Charge-Rampant-ID-thief-bilked-maid-of-honor-6259460.php",
  "schema_version": "1.3.7",
  "security_incident": "Confirmed",
  "source_id": "vcdb",
  "summary": "Health care worker misuses access to patient data to commit ID theft.",
  "timeline": {
    "compromise": {
      "unit": "NA"
    },
    "discovery": {
      "unit": "Years",
      "value": 1.0
    },
    "exfiltration": {
      "unit": "NA"
    },
    "incident": {
      "year": 2008
    }
  },
  "victim": {
    "country": [
      "US"
    ],
    "employee_count": "1001 to 10000",
    "government": [
      "NA"
    ],
    "industry": "621111",
    "region": [
      "019021"
    ],
    "state": "WA",
    "victim_id": "The Polyclinic"
  }
}