{
  "action": {
    "misuse": {
      "result": [
        "Exfiltrate"
      ],
      "variety": [
        "Privilege abuse"
      ],
      "vector": [
        "LAN access"
      ]
    }
  },
  "actor": {
    "internal": {
      "motive": [
        "Fun"
      ],
      "variety": [
        "Unknown"
      ]
    }
  },
  "asset": {
    "assets": [
      {
        "variety": "S - Database"
      }
    ],
    "cloud": [
      "Unknown"
    ]
  },
  "attribute": {
    "confidentiality": {
      "data": [
        {
          "amount": 102,
          "variety": "Medical"
        }
      ],
      "data_disclosure": "Yes",
      "data_total": 102,
      "data_victim": [
        "Patient"
      ],
      "state": [
        "Stored"
      ]
    }
  },
  "confidence": "High",
  "discovery_method": {
    "unknown": true
  },
  "incident_id": "de435710-e4a6-11e9-8cfd-bf57b38104b7",
  "plus": {
    "analysis_status": "Reviewed",
    "analyst": "swidup",
    "created": "2019-10-02T07:01:14.302Z",
    "dbir_year": 2020,
    "event_chain": [
      {
        "action": "mis",
        "actor": "int",
        "asset": "srv",
        "attribute": "cp"
      }
    ],
    "github": "13332",
    "master_id": "06168d78-2d70-4e8a-8c16-51a7c1966460",
    "modified": "2019-10-02T07:01:14.302Z",
    "sub_source": "phidbr"
  },
  "reference": "https://www.timescolonist.com/news/local/privacy-breach-at-nanaimo-hospital-after-health-records-illicitly-accessed-1.23771604; https://vancouverisland.ctvnews.ca/island-health-confirms-privacy-breach-at-nanaimo-hospital-1.4354114",
  "schema_version": "1.3.7",
  "security_incident": "Confirmed",
  "source_id": "vcdb",
  "summary": " Island Health has fired an employee following a privacy breach of 102 people at Nanaimo Regional General Hospital.  The breach involved an employee who is \"no longer associated with Island Health,\" the authority said.  \"Our employees are well aware the snooping into the health records of family and friends, or anyone, is prohibited,\" the organization said. \"They receive information and training about privacy, their employee obligations when accessing confidential information and records, and they sign confidentiality acknowledgements which must be renewed annually.\"",
  "targeted": "Opportunistic",
  "timeline": {
    "incident": {
      "year": 2019
    }
  },
  "victim": {
    "country": [
      "CA"
    ],
    "employee_count": "Large",
    "government": [
      "NA"
    ],
    "industry": "622110",
    "region": [
      "019021"
    ],
    "secondary": {
      "amount": 1,
      "victim_id": [
        "Island Health"
      ]
    },
    "victim_id": "Nanaimo Regional General Hospital"
  }
}