{
  "action": {
    "misuse": {
      "result": [
        "Exfiltrate"
      ],
      "variety": [
        "Knowledge abuse"
      ],
      "vector": [
        "LAN access",
        "Physical access"
      ]
    }
  },
  "actor": {
    "internal": {
      "motive": [
        "Financial"
      ],
      "variety": [
        "Doctor or nurse"
      ]
    }
  },
  "asset": {
    "assets": [
      {
        "variety": "M - Unknown"
      }
    ],
    "cloud": [
      "NA"
    ]
  },
  "attribute": {
    "confidentiality": {
      "data": [
        {
          "variety": "Personal"
        },
        {
          "variety": "Bank"
        }
      ],
      "data_disclosure": "Yes",
      "data_victim": [
        "Patient"
      ]
    }
  },
  "confidence": "High",
  "discovery_method": {
    "external": {
      "variety": [
        "Law enforcement"
      ]
    }
  },
  "incident_id": "4d204ed0-35d2-11ec-9ec7-15e66f657ea5",
  "plus": {
    "analysis_status": "Reviewed",
    "analyst": "planglois",
    "attribute": {
      "confidentiality": {
        "data_abuse": "Yes"
      }
    },
    "created": "2021-10-26T00:38:49.504Z",
    "dbir_year": 2022,
    "event_chain": [
      {
        "action": "mis",
        "actor": "int",
        "asset": "med",
        "attribute": "cp",
        "summary": "stole patient identites"
      }
    ],
    "github": "16608",
    "master_id": "06741c00-e175-49a1-a33b-f777f3f5be54",
    "modified": "2021-10-26T00:38:49.504Z",
    "sub_source": "phidbr",
    "timeline": {
      "notification": {
        "day": 13,
        "month": 12,
        "year": 2020
      }
    }
  },
  "reference": "https://manchesterinklink.com/multi-county-indictments-include-2-murder-charges-and-identity-theft-of-long-term-care-residents/",
  "schema_version": "1.3.5",
  "security_incident": "Confirmed",
  "source_id": "vcdb",
  "summary": "Caregiver charged with 10 class A felonies of identity theft",
  "targeted": "Opportunistic",
  "timeline": {
    "discovery": {
      "unit": "Months",
      "value": 2
    },
    "incident": {
      "day": 20,
      "month": 7,
      "year": 2019
    }
  },
  "victim": {
    "country": [
      "US"
    ],
    "employee_count": "Unknown",
    "government": [
      "NA"
    ],
    "industry": "623312",
    "locations_affected": 1,
    "region": [
      "019021"
    ],
    "state": "NH"
  }
}