{
  "action": {
    "error": {
      "variety": [
        "Programming error"
      ],
      "vector": [
        "Unknown"
      ]
    }
  },
  "actor": {
    "internal": {
      "motive": [
        "NA"
      ],
      "variety": [
        "System admin"
      ]
    }
  },
  "asset": {
    "assets": [
      {
        "variety": "S - Web application"
      }
    ],
    "cloud": [
      "Unknown"
    ],
    "total_amount": 800000
  },
  "attribute": {
    "confidentiality": {
      "data": [
        {
          "variety": "Unknown"
        }
      ],
      "data_disclosure": "No",
      "data_victim": [
        "Other"
      ],
      "state": [
        "Unknown"
      ]
    },
    "integrity": {
      "variety": [
        "Modify configuration"
      ]
    }
  },
  "confidence": "Medium",
  "discovery_method": {
    "unknown": true
  },
  "incident_id": "809e2530-9b10-11e8-afb8-29dacb44caa2",
  "plus": {
    "analysis_status": "First pass",
    "analyst": "Hylender",
    "created": "2018-08-08T19:03:04.851Z",
    "dbir_year": 2019,
    "github": "11725",
    "master_id": "07196188-2656-4cfd-86e6-830d09f78344",
    "modified": "2018-08-08T19:03:04.851Z",
    "sub_source": "priority",
    "timeline": {
      "notification": {
        "day": 2,
        "month": 7,
        "year": 2018
      }
    }
  },
  "reference": "https://www.securityweek.com/facebook-notifies-800000-users-blocking-bug",
  "schema_version": "1.3.7",
  "security_incident": "Confirmed",
  "source_id": "vcdb",
  "summary": "Facebook had bug which enabled approximately 800,000 users to see content of people who had blocked them.",
  "timeline": {
    "discovery": {
      "unit": "Days",
      "value": 6
    },
    "incident": {
      "day": 29,
      "month": 5,
      "year": 2018
    }
  },
  "victim": {
    "country": [
      "US"
    ],
    "employee_count": "10001 to 25000",
    "government": [
      "NA"
    ],
    "industry": "518210",
    "region": [
      "019021"
    ],
    "victim_id": "Facebook"
  }
}