{
  "action": {
    "hacking": {
      "variety": [
        "Unknown"
      ],
      "vector": [
        "Web application"
      ]
    }
  },
  "actor": {
    "external": {
      "country": [
        "IT"
      ],
      "motive": [
        "Ideology"
      ],
      "notes": "People's Liberation Front",
      "region": [
        "150039"
      ],
      "variety": [
        "Activist"
      ]
    }
  },
  "asset": {
    "assets": [
      {
        "variety": "S - Web application"
      }
    ],
    "cloud": [
      "Unknown"
    ]
  },
  "attribute": {
    "availability": {
      "variety": [
        "Loss"
      ]
    },
    "integrity": {
      "notes": "defaced website",
      "variety": [
        "Modify data"
      ]
    }
  },
  "discovery_method": {
    "external": {
      "variety": [
        "Actor disclosure"
      ]
    }
  },
  "impact": {
    "overall_rating": "Unknown"
  },
  "incident_id": "071DFC80-B4F5-4566-92C6-2C6CB9B826E4",
  "plus": {
    "analysis_status": "First pass",
    "analyst": "dhylender",
    "created": "2013-12-16T21:16:00Z",
    "github": "1095",
    "master_id": "071DFC80-B4F5-4566-92C6-2C6CB9B826E4",
    "modified": "2014-05-10T19:23:22Z",
    "timeline": {
      "notification": {
        "day": 16,
        "month": 12,
        "year": 2013
      }
    }
  },
  "reference": "http://news.softpedia.com/news/Website-of-North-Wales-Transport-Committee-Taith-Hacked-by-Pakistani-409655.shtml",
  "schema_version": "1.3.7",
  "security_incident": "Confirmed",
  "source_id": "vcdb",
  "summary": "The attacker has defaced the Taith websites main page with a protest message against the intention of some UK officials to ban Muslim girls and young women from wearing veils (hijab) in public places.",
  "timeline": {
    "incident": {
      "year": 2013
    }
  },
  "victim": {
    "country": [
      "GB"
    ],
    "employee_count": "Unknown",
    "government": [
      "NA"
    ],
    "industry": "000",
    "region": [
      "150154"
    ],
    "victim_id": "North Wales Transportation Committee"
  }
}