{
  "action": {
    "hacking": {
      "variety": [
        "Unknown"
      ],
      "vector": [
        "Web application"
      ]
    }
  },
  "actor": {
    "external": {
      "country": [
        "BZ"
      ],
      "motive": [
        "Ideology"
      ],
      "notes": "Black Angels",
      "region": [
        "019013"
      ],
      "variety": [
        "Activist"
      ]
    }
  },
  "asset": {
    "assets": [
      {
        "variety": "S - Web application"
      }
    ],
    "cloud": [
      "Unknown"
    ]
  },
  "attribute": {
    "integrity": {
      "variety": [
        "Modify data",
        "Repurpose"
      ]
    }
  },
  "discovery_method": {
    "external": {
      "variety": [
        "Actor disclosure"
      ]
    }
  },
  "impact": {
    "overall_rating": "Unknown"
  },
  "incident_id": "0736F42D-1973-4484-9690-0B454B42907E",
  "plus": {
    "analysis_status": "First pass",
    "analyst": "blackfist",
    "created": "2013-09-11T00:28:00Z",
    "github": "164",
    "master_id": "0736F42D-1973-4484-9690-0B454B42907E",
    "modified": "2014-06-25T20:35:20Z",
    "timeline": {
      "notification": {
        "day": 9,
        "month": 9,
        "year": 2013
      }
    }
  },
  "reference": "http://news.softpedia.com/news/Two-Websites-of-Turkey-s-Ministry-of-Food-Agriculture-and-Livestock-Hacked-381525.shtml (20130912)",
  "schema_version": "1.3.7",
  "security_incident": "Confirmed",
  "source_id": "vcdb",
  "summary": "A couple of websites of Turkeys Ministry of Food, Agriculture and Livestock have been breached and defaced by a hacker group called Black Angels. ",
  "timeline": {
    "incident": {
      "day": 9,
      "month": 9,
      "year": 2013
    }
  },
  "victim": {
    "country": [
      "TR"
    ],
    "employee_count": "Unknown",
    "government": [
      "Unknown"
    ],
    "industry": "923120",
    "region": [
      "142145"
    ],
    "victim_id": "Turkey Ministry of Food, Agriculture and Livestock"
  }
}