{
  "action": {
    "physical": {
      "variety": [
        "Tampering",
        "Disabled controls"
      ],
      "vector": [
        "Unknown"
      ]
    }
  },
  "actor": {
    "external": {
      "country": [
        "Unknown"
      ],
      "motive": [
        "Financial"
      ],
      "region": [
        "000000"
      ],
      "variety": [
        "Unknown"
      ]
    }
  },
  "asset": {
    "assets": [
      {
        "variety": "T - Gas terminal"
      }
    ],
    "cloud": [
      "Unknown"
    ]
  },
  "attribute": {
    "confidentiality": {
      "data": [
        {
          "variety": "Bank"
        }
      ],
      "data_disclosure": "Yes",
      "data_victim": [
        "Customer"
      ],
      "state": [
        "Unknown"
      ]
    },
    "integrity": {
      "variety": [
        "Hardware tampering"
      ]
    }
  },
  "discovery_method": {
    "external": {
      "variety": [
        "Customer"
      ]
    }
  },
  "impact": {
    "overall_rating": "Unknown"
  },
  "incident_id": "FA773DB0-C373-4E0B-8889-A4C668ACCE79",
  "plus": {
    "analysis_status": "Finalized",
    "analyst": "Robert-Topper",
    "attribute": {
      "confidentiality": {
        "credit_monitoring": "Unknown",
        "data_abuse": "Yes"
      }
    },
    "created": "2017-01-16T16:58:00Z",
    "dbir_year": 2018,
    "github": "8832",
    "master_id": "073766D8-CE41-466D-B336-3F3F37324C94",
    "modified": "2017-01-16T17:03:00Z",
    "timeline": {
      "notification": {
        "day": 1,
        "month": 12,
        "year": 2016
      }
    }
  },
  "reference": "http://keyetv.com/news/local/lago-vista-pd-finds-credit-card-skimming-devices-at-gas-station",
  "schema_version": "1.3.7",
  "security_incident": "Confirmed",
  "source_id": "vcdb",
  "summary": "Lago Vista Police say they found credit cards skimmers at three pumps at the CEFCO gas station",
  "timeline": {
    "containment": {
      "unit": "Days",
      "value": 3.0
    },
    "incident": {
      "day": 29,
      "month": 11,
      "year": 2016
    }
  },
  "victim": {
    "country": [
      "US"
    ],
    "employee_count": "11 to 100",
    "government": [
      "NA"
    ],
    "industry": "447110",
    "locations_affected": 1,
    "region": [
      "019021"
    ],
    "state": "tx",
    "victim_id": "CEFCO gas station"
  }
}