{
  "action": {
    "hacking": {
      "variety": [
        "DoS"
      ],
      "vector": [
        "Web application"
      ]
    }
  },
  "actor": {
    "external": {
      "country": [
        "ID"
      ],
      "motive": [
        "Ideology"
      ],
      "notes": "anonymous indonesia",
      "region": [
        "142035"
      ],
      "variety": [
        "Activist"
      ]
    }
  },
  "asset": {
    "assets": [
      {
        "variety": "S - Web application"
      }
    ],
    "cloud": [
      "Unknown"
    ]
  },
  "attribute": {
    "availability": {
      "variety": [
        "Interruption"
      ]
    }
  },
  "discovery_method": {
    "unknown": true
  },
  "impact": {
    "overall_rating": "Unknown"
  },
  "incident_id": "078D63FA-B949-4357-8E4D-431D5252183D",
  "plus": {
    "analysis_status": "First pass",
    "analyst": "dhylender",
    "created": "2014-01-13T14:25:00Z",
    "github": "886",
    "master_id": "078D63FA-B949-4357-8E4D-431D5252183D",
    "modified": "2014-05-10T19:23:22Z",
    "timeline": {
      "notification": {
        "day": 21,
        "month": 11,
        "year": 2013
      }
    }
  },
  "reference": "http://www.smh.com.au/technology/technology-news/afp-and-rba-websites-suffer-cyber-attacks-20131121-2xwns.html ; ",
  "schema_version": "1.3.7",
  "security_incident": "Confirmed",
  "source_id": "vcdb",
  "summary": "The Australian Federal Police and the Reserve Bank of Austrailia were victims of a DoS attack. ",
  "timeline": {
    "incident": {
      "day": 20,
      "month": 11,
      "year": 2013
    }
  },
  "victim": {
    "country": [
      "AU"
    ],
    "employee_count": "Unknown",
    "government": [
      "Unknown"
    ],
    "industry": "921110",
    "region": [
      "009053"
    ],
    "victim_id": "Australian Federal Police"
  }
}