{
  "action": {
    "physical": {
      "variety": [
        "Tampering",
        "Disabled controls"
      ],
      "vector": [
        "Victim public area"
      ]
    }
  },
  "actor": {
    "external": {
      "country": [
        "Unknown"
      ],
      "motive": [
        "Financial"
      ],
      "region": [
        "000000"
      ],
      "variety": [
        "Unknown"
      ]
    }
  },
  "asset": {
    "assets": [
      {
        "variety": "T - Gas terminal"
      }
    ],
    "cloud": [
      "Unknown"
    ]
  },
  "attribute": {
    "confidentiality": {
      "data": [
        {
          "variety": "Payment"
        }
      ],
      "data_disclosure": "Potentially",
      "data_victim": [
        "Customer"
      ],
      "state": [
        "Stored unencrypted"
      ]
    },
    "integrity": {
      "variety": [
        "Hardware tampering"
      ]
    }
  },
  "discovery_method": {
    "unknown": true
  },
  "impact": {
    "overall_rating": "Unknown"
  },
  "incident_id": "07D10456-689C-497F-BEE3-387A999C6A2B",
  "plus": {
    "analysis_status": "Finalized",
    "analyst": "tecamac",
    "attribute": {
      "confidentiality": {
        "credit_monitoring": "Unknown"
      }
    },
    "created": "2016-02-01T14:06:00Z",
    "dbir_year": 2016,
    "github": "5940",
    "master_id": "07D10456-689C-497F-BEE3-387A999C6A2B",
    "modified": "2016-02-01T14:06:00Z",
    "timeline": {
      "notification": {
        "day": 5,
        "month": 6,
        "year": 2015
      }
    }
  },
  "reference": "http://www.nbc11news.com/home/headlines/GJPD-investigating-another-skimming-device-306276031.html",
  "schema_version": "1.3.7",
  "security_incident": "Confirmed",
  "source_id": "vcdb",
  "summary": "GRAND JUNCITON, Colo. For the second time in a week, Grand Junction Police have found and removed a credit card skimming device. The latest skimmer was found at a local gas station.  The skimming device, about the size of a pen, was found at the Shell gas station at 745 Horizon Drive.   This device is in addition to and different from the two devices that were found and removed from bank ATM locations last week.   If you used the gas pump at the Shell on Horizon recently, police urge you to check your statements closely for unauthorized used.  In the case of the Bank ATMs, police found and removed the device within a few hours. Police didn't say how long they suspect the device was installed at the gas station.   No suspects have been identified in the most recent gas station skimming incident, but Police do have two suspects for the Bank of Colorado ATM skimmer placements.   If you recognize any of the people in the surveillance photos, you're asked to call Crime Stoppers, 241-STOP or visit their website at 241STOP.com ",
  "timeline": {
    "containment": {
      "unit": "Hours"
    },
    "incident": {
      "month": 6,
      "year": 2015
    }
  },
  "victim": {
    "country": [
      "US"
    ],
    "employee_count": "50001 to 100000",
    "government": [
      "NA"
    ],
    "industry": "447110",
    "locations_affected": 3,
    "region": [
      "019021"
    ],
    "state": "CO",
    "victim_id": "Shell"
  }
}