{
  "action": {
    "error": {
      "variety": [
        "Misdelivery"
      ],
      "vector": [
        "Unknown"
      ]
    }
  },
  "actor": {
    "internal": {
      "motive": [
        "NA"
      ],
      "variety": [
        "Unknown",
        "End-user"
      ]
    }
  },
  "asset": {
    "assets": [
      {
        "variety": "S - Mail"
      }
    ],
    "cloud": [
      "Unknown"
    ]
  },
  "attribute": {
    "confidentiality": {
      "data": [
        {
          "variety": "Personal"
        }
      ],
      "data_disclosure": "Yes",
      "data_victim": [
        "Patient"
      ],
      "state": [
        "Unknown"
      ]
    }
  },
  "discovery_method": {
    "internal": {
      "variety": [
        "Unknown"
      ]
    }
  },
  "impact": {
    "overall_rating": "Unknown"
  },
  "incident_id": "D28FCB50-D5D6-46A8-AE91-F99A3739E9D5",
  "plus": {
    "analysis_status": "Finalized",
    "analyst": "Robert-Topper",
    "attribute": {
      "confidentiality": {
        "credit_monitoring": "Unknown"
      }
    },
    "created": "2016-10-25T18:43:00Z",
    "dbir_year": 2017,
    "github": "8381",
    "master_id": "07E8F2EA-56CD-4461-BC03-8F9D009EC2E0",
    "modified": "2016-10-25T18:48:00Z",
    "sub_source": "phidbr",
    "timeline": {
      "notification": {
        "day": 28,
        "month": 6,
        "year": 2016
      }
    }
  },
  "reference": "https://www.databreaches.net/planned-parenthood-of-greater-washington-and-north-idaho-public-notice-of-email-error/",
  "schema_version": "1.3.7",
  "security_incident": "Confirmed",
  "source_id": "vcdb",
  "summary": "email to wrong recipients with minimal PII",
  "timeline": {
    "discovery": {
      "unit": "Days",
      "value": 1.0
    },
    "incident": {
      "day": 28,
      "month": 6,
      "year": 2016
    }
  },
  "victim": {
    "country": [
      "US"
    ],
    "employee_count": "101 to 1000",
    "government": [
      "NA"
    ],
    "industry": "612110",
    "locations_affected": 2,
    "region": [
      "019021"
    ],
    "victim_id": "Planned Parenthood"
  }
}