{
  "action": {
    "misuse": {
      "variety": [
        "Data mishandling"
      ],
      "vector": [
        "Unknown"
      ]
    }
  },
  "actor": {
    "internal": {
      "motive": [
        "Other"
      ],
      "variety": [
        "Unknown",
        "System admin"
      ]
    }
  },
  "asset": {
    "assets": [
      {
        "variety": "S - Web application"
      }
    ],
    "cloud": [
      "Unknown"
    ]
  },
  "attribute": {
    "confidentiality": {
      "data": [
        {
          "variety": "Personal"
        }
      ],
      "data_disclosure": "Yes",
      "data_victim": [
        "Patient"
      ],
      "state": [
        "Unknown"
      ]
    }
  },
  "discovery_method": {
    "external": {
      "variety": [
        "Customer"
      ]
    }
  },
  "impact": {
    "iso_currency_code": "USD",
    "loss": [
      {
        "amount": 25000,
        "variety": "Legal and regulatory"
      }
    ],
    "overall_amount": 25000,
    "overall_rating": "Unknown"
  },
  "incident_id": "7CBA77E1-4684-4F2E-9C2F-AFF06E479DD6",
  "plus": {
    "analysis_status": "Finalized",
    "analyst": "Spitler",
    "attribute": {
      "confidentiality": {
        "credit_monitoring": "Unknown"
      }
    },
    "created": "2016-08-31T15:11:00Z",
    "dbir_year": 2017,
    "github": "7273",
    "master_id": "0819D4A5-BBFB-4293-AA08-F63375B38475",
    "modified": "2016-08-31T15:17:00Z",
    "sub_source": "phidbr",
    "timeline": {
      "notification": {
        "day": 16,
        "month": 2,
        "year": 2016
      }
    }
  },
  "reference": "http://www.databreaches.net/los-angeles-physical-therapy-provider-settles-hhs-charges-that-it-impermissibly-disclosed-patient-information/",
  "schema_version": "1.3.7",
  "security_incident": "Confirmed",
  "source_id": "vcdb",
  "summary": "Org disclosed PII on website in testimonials page using photographs and full names of clients w/o their authorization.",
  "timeline": {
    "compromise": {
      "unit": "NA"
    },
    "containment": {
      "unit": "Days"
    },
    "exfiltration": {
      "unit": "NA"
    },
    "incident": {
      "month": 8,
      "year": 2012
    }
  },
  "victim": {
    "country": [
      "US"
    ],
    "employee_count": "11 to 100",
    "government": [
      "NA"
    ],
    "industry": "621340",
    "region": [
      "019021"
    ],
    "state": "CA",
    "victim_id": "Complete P.T., Pool & Land Physical Therapy, Inc."
  }
}