{
  "action": {
    "physical": {
      "variety": [
        "Theft"
      ],
      "vector": [
        "Personal vehicle"
      ]
    }
  },
  "actor": {
    "external": {
      "country": [
        "Unknown"
      ],
      "motive": [
        "Financial"
      ],
      "region": [
        "000000"
      ],
      "variety": [
        "Unknown"
      ]
    }
  },
  "asset": {
    "assets": [
      {
        "variety": "U - Laptop"
      },
      {
        "variety": "U - Desktop or laptop"
      }
    ],
    "cloud": [
      "Unknown"
    ]
  },
  "attribute": {
    "availability": {
      "variety": [
        "Loss"
      ]
    },
    "confidentiality": {
      "data": [
        {
          "variety": "Personal"
        },
        {
          "variety": "Medical"
        }
      ],
      "data_disclosure": "Potentially"
    }
  },
  "discovery_method": {
    "unknown": true
  },
  "incident_id": "083D7CE4-053A-4A83-B6B6-D3327FB61754",
  "plus": {
    "analysis_status": "First pass",
    "created": "2013-09-10T20:13:32Z",
    "master_id": "083D7CE4-053A-4A83-B6B6-D3327FB61754",
    "modified": "2014-04-27T19:37:02Z",
    "timeline": {
      "notification": {
        "day": 28,
        "month": 3,
        "year": 2013
      }
    }
  },
  "reference": "http://www.phiprivacy.net/two-hipaa-breaches-involving-mid-america-health-that-flew-under-the-media-radar/",
  "schema_version": "1.3.7",
  "security_incident": "Confirmed",
  "source_id": "vcdb",
  "summary": "The theft of a laptop resulted in the exposure of patient information.  Names, Social Security numbers, dates of birth, residential facility names, and digital oral x-ray images may have been exposed.  Specific details of the case are being withheld until the breach investigation has concluded.  The location of the breach is listed as the corporate headquarters of MAH.  Those with questions or concerns may contact the MAH Compliance Department at 1-855-224-0004.",
  "timeline": {
    "incident": {
      "day": 6,
      "month": 4,
      "year": 2012
    }
  },
  "victim": {
    "country": [
      "US"
    ],
    "employee_count": "Unknown",
    "government": [
      "NA"
    ],
    "industry": "623110",
    "region": [
      "019021"
    ],
    "state": "IN",
    "victim_id": "Mid America Health"
  }
}