{
  "action": {
    "error": {
      "variety": [
        "Misdelivery"
      ],
      "vector": [
        "Unknown"
      ]
    }
  },
  "actor": {
    "internal": {
      "motive": [
        "NA"
      ],
      "variety": [
        "Unknown"
      ]
    }
  },
  "asset": {
    "assets": [
      {
        "variety": "M - Documents"
      }
    ],
    "cloud": [
      "Unknown"
    ]
  },
  "attribute": {
    "confidentiality": {
      "data": [
        {
          "amount": 4000,
          "variety": "Medical"
        }
      ],
      "data_disclosure": "Yes",
      "data_total": 4000,
      "data_victim": [
        "Patient"
      ],
      "state": [
        "Unknown"
      ]
    }
  },
  "discovery_method": {
    "external": {
      "variety": [
        "Customer"
      ]
    }
  },
  "impact": {
    "overall_rating": "Unknown"
  },
  "incident_id": "0843DF74-022B-451F-8A8B-62789CBBA831",
  "plus": {
    "analysis_status": "Finalized",
    "analyst": "swidup",
    "attribute": {
      "confidentiality": {
        "credit_monitoring": "Yes"
      }
    },
    "created": "2015-07-24T14:01:00Z",
    "dbir_year": 2015,
    "github": "4797",
    "master_id": "0843DF74-022B-451F-8A8B-62789CBBA831",
    "modified": "2015-07-24T14:01:00Z",
    "timeline": {
      "notification": {
        "day": 20,
        "month": 10,
        "year": 2014
      }
    }
  },
  "reference": "http://www.beckershospitalreview.com/news-analysis/south-texas-va-reports-data-breach-due-to-printing-error.html",
  "schema_version": "1.3.7",
  "security_incident": "Confirmed",
  "source_id": "vcdb",
  "summary": "The South Texas Veterans Health Care System in San Antonio has experienced a data breach affecting approximately 4,000 veterans, according to a KSAT report.  The VA was mailing out letters to veterans regarding the new hydrocodone combination federal rule, but the letters were accidently printed double-sided, displaying the information of one patient on one side of the page and the information of another patient on the other side of the page, according to the report.  Compromised information in the letters included full names, addresses and disclosure if the patient currently has a prescription for a narcotic, according to the report.  Marie Weldon, director of the medical center, said in the report \"immediate actions are being taken\" to inform veterans who may be affected by the error.",
  "timeline": {
    "incident": {
      "year": 2014
    }
  },
  "victim": {
    "country": [
      "US"
    ],
    "employee_count": "Over 100000",
    "government": [
      "Unknown"
    ],
    "industry": "923140",
    "region": [
      "019021"
    ],
    "state": "TX",
    "victim_id": "United States Department of Veterans Affairs"
  }
}