{
  "action": {
    "error": {
      "variety": [
        "Publishing error"
      ],
      "vector": [
        "Unknown"
      ]
    }
  },
  "actor": {
    "internal": {
      "job_change": [
        "Unknown"
      ],
      "motive": [
        "NA"
      ],
      "variety": [
        "Unknown"
      ]
    }
  },
  "asset": {
    "assets": [
      {
        "variety": "S - Web application"
      }
    ],
    "cloud": [
      "Unknown"
    ]
  },
  "attribute": {
    "confidentiality": {
      "data": [
        {
          "variety": "Credentials"
        }
      ],
      "data_disclosure": "Yes",
      "state": [
        "Unknown"
      ]
    }
  },
  "discovery_method": {
    "unknown": true
  },
  "impact": {
    "overall_rating": "Unknown"
  },
  "incident_id": "0879C063-0E04-4D73-AB1E-879A511DF48F",
  "notes": "1 of 6 incidents described in the article. ",
  "plus": {
    "analysis_status": "First pass",
    "analyst": "Spitler",
    "attribute": {
      "confidentiality": {
        "credit_monitoring": "Unknown"
      }
    },
    "created": "2014-06-30T20:34:00Z",
    "github": "3358",
    "master_id": "0879C063-0E04-4D73-AB1E-879A511DF48F",
    "modified": "2014-06-30T20:34:00Z",
    "timeline": {
      "notification": {
        "day": 21,
        "month": 4,
        "year": 2013
      }
    }
  },
  "reference": "http://staffslive.co.uk/2013/04/21/dumped-pupil-records-and-lost-ipads-among-stoke-city-council-data-breaches/?goback=%2Egde_4636751_member_234933076",
  "schema_version": "1.3.7",
  "security_incident": "Confirmed",
  "source_id": "vcdb",
  "summary": "Passwords to computer system were visible to the public",
  "timeline": {
    "incident": {
      "year": 2012
    }
  },
  "victim": {
    "country": [
      "GB"
    ],
    "employee_count": "Unknown",
    "government": [
      "Unknown"
    ],
    "industry": "92",
    "region": [
      "150154"
    ],
    "victim_id": "Stoke City Council"
  }
}