{
  "action": {
    "hacking": {
      "variety": [
        "Unknown"
      ],
      "vector": [
        "Unknown"
      ]
    }
  },
  "actor": {
    "external": {
      "country": [
        "Unknown"
      ],
      "motive": [
        "Unknown"
      ],
      "region": [
        "000000"
      ],
      "variety": [
        "Unknown"
      ]
    }
  },
  "asset": {
    "assets": [
      {
        "variety": "S - Mail"
      }
    ],
    "cloud": [
      "Unknown"
    ],
    "country": [
      "Unknown"
    ],
    "notes": "Following enumerations present before veris 1.3.3 removed: asset.governance.Unknown."
  },
  "attribute": {
    "confidentiality": {
      "data": [
        {
          "amount": 8400,
          "variety": "Medical"
        }
      ],
      "data_disclosure": "Yes",
      "data_total": 8400,
      "data_victim": [
        "Patient"
      ],
      "state": [
        "Stored"
      ]
    }
  },
  "discovery_method": {
    "internal": {
      "variety": [
        "Hids"
      ]
    }
  },
  "incident_id": "a007e8c0-8f62-11e8-a74f-e5450456a5bf",
  "plus": {
    "analysis_status": "Reviewed",
    "analyst": "jasoncmiller79",
    "created": "2018-07-24T21:02:21.617Z",
    "dbir_year": 2019,
    "github": "11782",
    "master_id": "08a68a47-3280-46fe-a769-4dd7de370ed7",
    "modified": "2018-08-08T20:11:53.944Z",
    "sub_source": "phidbr",
    "timeline": {
      "notification": {
        "day": 13,
        "month": 7,
        "year": 2018
      }
    }
  },
  "reference": "https://www.beckershospitalreview.com/cybersecurity/montana-hospital-employee-s-email-hacked-while-traveling-8-4k-patients-data-stolen.html; https://billingsgazette.com/news/local/billings-clinic-employee-s-email-hacked-during-overseas-travel-breach/article_608e0dcf-c869-5141-a9e5-a79e82e205ff.html ",
  "schema_version": "1.3.7",
  "security_incident": "Confirmed",
  "source_id": "vcdb",
  "summary": "Billings Clinic reported a data breach Friday that affected 8,400 people.  The hospital's security systems identified unusual activity with an employee's email account on May 14, according to a release from the organization. ",
  "targeted": "Unknown",
  "timeline": {
    "incident": {
      "day": 14,
      "month": 5,
      "year": 2018
    }
  },
  "victim": {
    "country": [
      "US"
    ],
    "employee_count": "1001 to 10000",
    "government": [
      "NA"
    ],
    "industry": "622110",
    "region": [
      "019021"
    ],
    "state": "MT",
    "victim_id": "Billings Clinic"
  }
}