{
  "action": {
    "unknown": {
      "notes": "Unknown action related to the breach",
      "result": [
        "Exfiltrate"
      ]
    }
  },
  "actor": {
    "external": {
      "country": [
        "Unknown"
      ],
      "motive": [
        "Financial"
      ],
      "region": [
        "000000"
      ],
      "variety": [
        "Organized crime"
      ]
    }
  },
  "asset": {
    "assets": [
      {
        "variety": "S - Unknown"
      }
    ],
    "cloud": [
      "Unknown"
    ]
  },
  "attribute": {
    "confidentiality": {
      "data": [
        {
          "amount": 3000000,
          "variety": "Personal"
        }
      ],
      "data_disclosure": "Yes",
      "data_total": 3000000,
      "data_victim": [
        "Customer"
      ],
      "state": [
        "Stored"
      ]
    }
  },
  "confidence": "Medium",
  "discovery_method": {
    "external": {
      "variety": [
        "Actor disclosure"
      ]
    }
  },
  "incident_id": "7327e020-3cd0-11ec-b63a-33c287a8ec4a",
  "plus": {
    "analysis_status": "Reviewed",
    "analyst": "planglois",
    "attribute": {
      "confidentiality": {
        "data_abuse": "Yes"
      }
    },
    "created": "2021-11-03T22:24:25.168Z",
    "dbir_year": 2022,
    "event_chain": [
      {
        "action": "unk",
        "actor": "ext",
        "asset": "srv",
        "attribute": "cp",
        "summary": "Unknown action leading to breach"
      }
    ],
    "github": "18199",
    "master_id": "0949a1a0-c605-4d3a-a2f4-187c5a7f9bc1",
    "modified": "2021-11-03T22:24:25.168Z",
    "sub_source": "priority",
    "timeline": {
      "notification": {
        "day": 25,
        "month": 10,
        "year": 2021
      }
    }
  },
  "reference": "https://www.republicworld.com/technology-news/other-tech-news/data-of-over-3-million-coinmarketcap-users-leaked-questions-raised-on-storage-techniques.html",
  "schema_version": "1.3.5",
  "security_incident": "Confirmed",
  "source_id": "vcdb",
  "summary": "Data of Over Three Million CoinMarketCap Users Breached and sold on forums through unknown methods",
  "targeted": "Unknown",
  "timeline": {
    "incident": {
      "year": 2020
    }
  },
  "victim": {
    "country": [
      "US"
    ],
    "employee_count": "11 to 100",
    "government": [
      "NA"
    ],
    "industry": "522390",
    "locations_affected": 1,
    "region": [
      "019021"
    ],
    "state": "CA",
    "victim_id": "CoinMarketCap"
  }
}