{
  "action": {
    "malware": {
      "variety": [
        "Unknown"
      ],
      "vector": [
        "Unknown"
      ]
    },
    "social": {
      "target": [
        "Partner"
      ],
      "variety": [
        "Unknown"
      ],
      "vector": [
        "Email"
      ]
    }
  },
  "actor": {
    "external": {
      "country": [
        "Unknown"
      ],
      "motive": [
        "Financial"
      ],
      "region": [
        "000000"
      ],
      "variety": [
        "Unknown"
      ]
    }
  },
  "asset": {
    "assets": [
      {
        "variety": "S - Mail"
      },
      {
        "variety": "P - Partner"
      }
    ],
    "cloud": [
      "Unknown"
    ],
    "ownership": [
      "Partner"
    ]
  },
  "attribute": {
    "confidentiality": {
      "data": [
        {
          "amount": 25,
          "variety": "Personal"
        }
      ],
      "data_disclosure": "Yes",
      "data_total": 25,
      "data_victim": [
        "Employee"
      ],
      "state": [
        "Unknown"
      ]
    },
    "integrity": {
      "variety": [
        "Alter behavior",
        "Software installation"
      ]
    }
  },
  "discovery_method": {
    "external": {
      "variety": [
        "Customer"
      ]
    }
  },
  "impact": {
    "overall_rating": "Unknown"
  },
  "incident_id": "09B8D46E-599A-4340-A54F-F003E716AFA5",
  "plus": {
    "analysis_status": "Finalized",
    "analyst": "swidup",
    "attribute": {
      "confidentiality": {
        "credit_monitoring": "Unknown",
        "data_abuse": "Yes"
      }
    },
    "created": "2015-07-24T14:01:00Z",
    "dbir_year": 2016,
    "github": "5306",
    "master_id": "09B8D46E-599A-4340-A54F-F003E716AFA5",
    "modified": "2015-07-24T14:01:00Z",
    "timeline": {
      "notification": {
        "month": 2,
        "year": 2015
      }
    }
  },
  "reference": "http://www.scmagazine.com/tennessee-healthcare-group-notifies-employees-of-payroll-breach/article/398240/; http://www.johnsoncitypress.com/article/124335/scammers-target-state-of-franklin-healthcare-employees-in-payroll-breach; http://www.wcyb.com/news/federal-officials-now-involved-after-data-breach-in-johnson-city/31244024; http://www.johnsoncitypress.com/article/124335/scammers-target-state-of-franklin-healthcare-employees-in-payroll-breach",
  "schema_version": "1.3.7",
  "security_incident": "Confirmed",
  "source_id": "vcdb",
  "summary": "Tennessee-based State of Franklin Healthcare Associates (SoFHA) has notified all employees that their personal information was accessed during a security breach at the company's third party payroll vendor, and some if has already been used to file fraudulent tax returns.  How many victims? All employees are being notified, and 20 to 25 have been affected.  What type of personal information? Employee payroll information, including W-2s.  What happened? SoFHA's third party payroll vendor was breached, access was gained to SoFHA employee payroll information, and fraudulent tax returns were filed.  What was the response? SoFHA is working with national, state and local law enforcement to identify the perpetrators. SoFHA is notifying all employees, and is offering them a free year of identity theft protection services.  Details: SoFHA notified local authorities in early February. As of Thursday, between 20 and 25 employees have reported being victims of tax-related identity theft.  Quote: We do know that the cyber attack was contained to only employee payroll information, and at no time was any patient data compromised, Richard Panek, CEO of SoFHA, was quoted as saying. The scam is that the criminals attempt to file for, and receive, a tax refund before the real person files.  Source: johnsoncitypress.com, Johnson City Press, Scammers target State of Franklin Healthcare employees in payroll breach, Feb. 13, 2015.",
  "timeline": {
    "incident": {
      "year": 2015
    }
  },
  "value_chain": {
    "distribution": {
      "notes": "VERIS 1.3.6: value_chain.distribution.variety.Email added because action.social.vector.Email exists.",
      "variety": [
        "Email"
      ]
    }
  },
  "victim": {
    "country": [
      "US"
    ],
    "employee_count": "11 to 100",
    "government": [
      "NA"
    ],
    "industry": "621111",
    "region": [
      "019021"
    ],
    "state": "TN",
    "victim_id": "State of Franklin Healthcare"
  }
}