{
  "action": {
    "misuse": {
      "variety": [
        "Privilege abuse"
      ],
      "vector": [
        "LAN access"
      ]
    }
  },
  "actor": {
    "external": {
      "country": [
        "Unknown"
      ],
      "motive": [
        "Financial"
      ],
      "region": [
        "000000"
      ],
      "variety": [
        "Unknown"
      ]
    },
    "internal": {
      "motive": [
        "Unknown",
        "Financial"
      ],
      "variety": [
        "Other"
      ]
    }
  },
  "asset": {
    "assets": [
      {
        "variety": "S - Database"
      }
    ],
    "cloud": [
      "Unknown"
    ]
  },
  "attribute": {
    "confidentiality": {
      "data": [
        {
          "amount": 1300,
          "variety": "Personal"
        }
      ],
      "data_disclosure": "Yes",
      "data_total": 1300,
      "data_victim": [
        "Patient"
      ],
      "state": [
        "Unknown"
      ]
    }
  },
  "discovery_method": {
    "external": {
      "variety": [
        "Law enforcement"
      ]
    }
  },
  "impact": {
    "overall_rating": "Unknown"
  },
  "incident_id": "0A0CE1B3-35CD-4474-A133-F5945942B53E",
  "plus": {
    "analysis_status": "First pass",
    "analyst": "swidup",
    "attribute": {
      "confidentiality": {
        "credit_monitoring": "Unknown"
      }
    },
    "created": "2015-03-05T03:45:08Z",
    "github": "1685",
    "master_id": "0A0CE1B3-35CD-4474-A133-F5945942B53E",
    "modified": "2015-03-05T03:45:08Z",
    "timeline": {
      "notification": {
        "day": 28,
        "month": 1,
        "year": 2014
      }
    }
  },
  "reference": "http://www.phiprivacy.net/fl-last-of-five-pleads-guilty-in-medical-id-theft-tax-fraud-but-questions-about-the-breach-remain/;http://www.phiprivacy.net/apex-laboratory-notified-of-system-compromise-by-law-enforcement-in-july-notifying-patients/",
  "schema_version": "1.3.7",
  "security_incident": "Confirmed",
  "source_id": "vcdb",
  "summary": "The last of five people accused of tax refund fraud involving identity theft from medical records pleaded guilty Friday for his role in the scheme, U.S. Attorney Wifredo A. Ferrer said.  Michael Ali Bryant, Sr., 41, of Lauderdale Lakes, faces up to 12 years in prison at his sentencing scheduled in April, prosecutors said.  A confidential informant approached Bryant to buy drugs through Bryants connection to a medical service provider. Bryant said he had no access to any drugs but he could sell medical records containing the personal information of hundreds of patients that could be used to file fraudulent income tax returns, according to court documents.  Bryant sold the source 10 pages with up to 25 names on each and gave specific instructions on how to file the tax returns online to get tax refunds in the patients names without their knowledge, the court records showed.  According to the complaint, Rosier worked for a company that performed medical laboratory tests where she had access to medical records with names, dates of birth, and Social Security numbers (personal identity information or PII) of individuals in the course of her employment with that company. During the conspiracy, Rosier provided access to the companys database which allowed other coconspirators to steal PII from the company. Found on the computer of one of the coconspirators was the PII of over 1,300 individuals. Rosier knew that her co-conspirators would use the PII for fraudulent purposes. Moye also obtained information from the companys database, which he used to obtain credit cards and other identification in the name of a patient.",
  "timeline": {
    "incident": {
      "month": 5,
      "year": 2012
    }
  },
  "victim": {
    "country": [
      "US"
    ],
    "employee_count": "11 to 100",
    "government": [
      "NA"
    ],
    "industry": "621511",
    "region": [
      "019021"
    ],
    "state": "FL",
    "victim_id": "Apex Laboratory, Inc"
  }
}