{
  "action": {
    "error": {
      "variety": [
        "Loss"
      ],
      "vector": [
        "Unknown"
      ]
    }
  },
  "actor": {
    "internal": {
      "job_change": [
        "Unknown"
      ],
      "motive": [
        "NA"
      ],
      "variety": [
        "Unknown"
      ]
    }
  },
  "asset": {
    "assets": [
      {
        "variety": "M - Documents"
      }
    ],
    "cloud": [
      "Unknown"
    ]
  },
  "attribute": {
    "availability": {
      "variety": [
        "Loss"
      ]
    },
    "confidentiality": {
      "data": [
        {
          "amount": 3637,
          "variety": "Personal"
        }
      ],
      "data_disclosure": "Potentially",
      "data_total": 3637,
      "data_victim": [
        "Employee"
      ],
      "state": [
        "Stored unencrypted"
      ]
    }
  },
  "discovery_method": {
    "internal": {
      "variety": [
        "Reported by employee"
      ]
    }
  },
  "impact": {
    "overall_rating": "Unknown"
  },
  "incident_id": "0A5CEA40-D064-4227-825B-0FB479C9D2D3",
  "plus": {
    "analysis_status": "First pass",
    "analyst": "Spitler",
    "attribute": {
      "confidentiality": {
        "credit_monitoring": "Unknown"
      }
    },
    "created": "2014-08-22T18:57:00Z",
    "github": "4208",
    "master_id": "0A5CEA40-D064-4227-825B-0FB479C9D2D3",
    "modified": "2014-08-22T18:57:00Z",
    "timeline": {
      "notification": {
        "day": 18,
        "month": 8,
        "year": 2014
      }
    }
  },
  "reference": "http://www.phiprivacy.net/va-notifies-thousands-of-veterans-after-boxes-with-their-records-go-missing/",
  "schema_version": "1.3.7",
  "security_incident": "Confirmed",
  "source_id": "vcdb",
  "summary": "Boxes of documents that contained PII for military veterans were lost.",
  "timeline": {
    "incident": {
      "month": 7,
      "year": 2014
    }
  },
  "victim": {
    "country": [
      "US"
    ],
    "employee_count": "Unknown",
    "government": [
      "Unknown"
    ],
    "industry": "923140",
    "region": [
      "019021"
    ],
    "state": "SC",
    "victim_id": "Veterans Administration"
  }
}