{
  "action": {
    "misuse": {
      "variety": [
        "Knowledge abuse"
      ],
      "vector": [
        "LAN access"
      ]
    }
  },
  "actor": {
    "internal": {
      "motive": [
        "Financial"
      ],
      "notes": "Actor was a volunteer at the radio station.",
      "variety": [
        "Other"
      ]
    }
  },
  "asset": {
    "assets": [
      {
        "variety": "M - Documents"
      }
    ],
    "cloud": [
      "Unknown"
    ]
  },
  "attribute": {
    "confidentiality": {
      "data": [
        {
          "amount": 300,
          "variety": "Payment"
        }
      ],
      "data_disclosure": "Yes",
      "data_total": 300,
      "data_victim": [
        "Customer"
      ],
      "state": [
        "Stored unencrypted"
      ]
    }
  },
  "discovery_method": {
    "unknown": true
  },
  "impact": {
    "overall_rating": "Unknown"
  },
  "incident_id": "0A84AFAE-344B-4891-9FEF-E706FB07E2AC",
  "plus": {
    "analysis_status": "First pass",
    "analyst": "swidup",
    "asset": {
      "total": "No"
    },
    "attribute": {
      "confidentiality": {
        "credit_monitoring": "Unknown",
        "data_abuse": "Yes"
      }
    },
    "created": "2013-06-29T00:08:31Z",
    "master_id": "0A84AFAE-344B-4891-9FEF-E706FB07E2AC",
    "modified": "2014-05-10T00:58:18Z",
    "timeline": {
      "notification": {
        "day": 9,
        "month": 1,
        "year": 2013
      }
    }
  },
  "reference": "http://www.myfoxhouston.com/story/20547670/2013/01/09/ktsu-radio-volunteer-behind-bars-for-id-theft",
  "schema_version": "1.3.7",
  "security_incident": "Confirmed",
  "source_id": "vcdb",
  "summary": "A former KTSU Radio volunteer is behind bars on accusations he stole personal information from hundreds of donors.  Prosecutors believe Michale Whitfield, 32, stole credit card information from the pledge sheets of KTSU listeners and then used that information to buy electronics and gift cards.  Assistant Harris County District Attorney Donna Logan said Whitfield would sometimes buy products and resell them for cash.  Investigators said they have more than 20 confirmed cases.  They believe there could be up to 300 potential victims.",
  "timeline": {
    "incident": {
      "year": 2012
    }
  },
  "victim": {
    "country": [
      "US"
    ],
    "employee_count": "Unknown",
    "government": [
      "NA"
    ],
    "industry": "541840",
    "region": [
      "019021"
    ],
    "state": "TX",
    "victim_id": "KTSU Radio"
  }
}