{
  "action": {
    "misuse": {
      "variety": [
        "Privilege abuse"
      ],
      "vector": [
        "LAN access"
      ]
    }
  },
  "actor": {
    "internal": {
      "motive": [
        "Unknown",
        "Financial"
      ],
      "variety": [
        "End-user"
      ]
    }
  },
  "asset": {
    "assets": [
      {
        "variety": "S - Database"
      }
    ],
    "cloud": [
      "Unknown"
    ]
  },
  "attribute": {
    "confidentiality": {
      "data": [
        {
          "variety": "Medical"
        }
      ],
      "data_disclosure": "Yes",
      "data_victim": [
        "Patient"
      ],
      "state": [
        "Stored"
      ]
    },
    "integrity": {
      "notes": "eight counts of identity theft;  used patient information to, \"illegally obtain controlled substances ",
      "variety": [
        "Fraudulent transaction"
      ]
    }
  },
  "discovery_method": {
    "unknown": true
  },
  "impact": {
    "overall_rating": "Unknown"
  },
  "incident_id": "ED6EF0E6-404A-4B43-9E8E-701BC11F30C3",
  "plus": {
    "analysis_status": "Finalized",
    "analyst": "Robert-Topper",
    "attribute": {
      "confidentiality": {
        "credit_monitoring": "Unknown"
      }
    },
    "created": "2016-08-31T15:47:00Z",
    "dbir_year": 2015,
    "github": "5683",
    "master_id": "0A9BE52F-0F28-4AA8-8DD5-62F7F335F30C",
    "modified": "2016-11-14T02:41:00Z",
    "sub_source": "phidbr",
    "timeline": {
      "notification": {
        "month": 12,
        "year": 2013
      }
    }
  },
  "reference": "http://wreg.com/2015/04/10/e-r-employee-indicted-for-identity-theft-and-fraud/",
  "schema_version": "1.3.7",
  "security_incident": "Confirmed",
  "source_id": "vcdb",
  "summary": "Employee used patient information to obtain controlled substances",
  "timeline": {
    "incident": {
      "month": 11,
      "year": 2013
    }
  },
  "victim": {
    "country": [
      "US"
    ],
    "employee_count": "Large",
    "government": [
      "NA"
    ],
    "industry": "622110",
    "locations_affected": 1,
    "region": [
      "019021"
    ],
    "state": "TN",
    "victim_id": "Le Bonheur Children's Hospital"
  }
}