{
  "action": {
    "physical": {
      "variety": [
        "Theft",
        "Bypassed controls"
      ],
      "vector": [
        "Personal residence"
      ]
    }
  },
  "actor": {
    "external": {
      "country": [
        "Unknown"
      ],
      "motive": [
        "Unknown"
      ],
      "region": [
        "000000"
      ],
      "variety": [
        "Unknown"
      ]
    }
  },
  "asset": {
    "assets": [
      {
        "variety": "U - Laptop"
      },
      {
        "variety": "U - Desktop or laptop"
      }
    ],
    "cloud": [
      "Unknown"
    ],
    "notes": "Following enumerations present before veris 1.3.3 removed: asset.governance.Personally owned."
  },
  "attribute": {
    "availability": {
      "variety": [
        "Loss"
      ]
    },
    "confidentiality": {
      "data": [
        {
          "variety": "Personal"
        }
      ],
      "data_disclosure": "Potentially",
      "data_total": 8000,
      "data_victim": [
        "Patient"
      ],
      "state": [
        "Stored unencrypted"
      ]
    }
  },
  "discovery_method": {
    "internal": {
      "variety": [
        "Reported by employee"
      ]
    }
  },
  "impact": {
    "overall_rating": "Unknown"
  },
  "incident_id": "0A9B0D29-6655-4DBD-A2DB-B0DF577F382D",
  "plus": {
    "analysis_status": "First pass",
    "analyst": "Spitler",
    "attribute": {
      "confidentiality": {
        "credit_monitoring": "Unknown"
      }
    },
    "created": "2013-10-15T15:58:00Z",
    "github": "533",
    "master_id": "0A9B0D29-6655-4DBD-A2DB-B0DF577F382D",
    "modified": "2014-05-10T00:58:18Z",
    "timeline": {
      "notification": {
        "day": 8,
        "month": 10,
        "year": 2013
      }
    }
  },
  "reference": "http://www.tennessean.com/viewart/20131008/GALLATIN01/310080095/Stolen-Westmoreland-clinic-laptop-contained-personal-data-thousands-patients; http://healthitsecurity.com/2013/10/09/hope-family-health-reports-8000-patient-data-breach/",
  "schema_version": "1.3.7",
  "security_incident": "Confirmed",
  "source_id": "vcdb",
  "summary": "Laptop stolen from employee's home contained approximately 8,000 PII records.",
  "timeline": {
    "compromise": {
      "unit": "Minutes"
    },
    "discovery": {
      "unit": "Hours"
    },
    "incident": {
      "month": 8,
      "year": 2013
    }
  },
  "victim": {
    "country": [
      "US"
    ],
    "employee_count": "11 to 100",
    "government": [
      "NA"
    ],
    "industry": "621111",
    "region": [
      "019021"
    ],
    "state": "TN",
    "victim_id": "Hope Family Health Services"
  }
}