{
  "action": {
    "physical": {
      "variety": [
        "Theft",
        "Bypassed controls"
      ],
      "vector": [
        "Victim work area"
      ]
    }
  },
  "actor": {
    "external": {
      "country": [
        "US"
      ],
      "motive": [
        "Financial"
      ],
      "region": [
        "019021"
      ],
      "variety": [
        "Unknown"
      ]
    }
  },
  "asset": {
    "assets": [
      {
        "variety": "M - Disk media"
      },
      {
        "variety": "U - Laptop"
      },
      {
        "variety": "U - Desktop or laptop"
      }
    ],
    "cloud": [
      "Unknown"
    ],
    "notes": "Following enumerations present before veris 1.3.3 removed: asset.governance.Personally owned."
  },
  "attribute": {
    "availability": {
      "variety": [
        "Loss"
      ]
    },
    "confidentiality": {
      "data": [
        {
          "amount": 207000,
          "variety": "Personal"
        }
      ],
      "data_disclosure": "Potentially",
      "data_total": 207000,
      "data_victim": [
        "Employee"
      ],
      "state": [
        "Stored unencrypted"
      ]
    }
  },
  "discovery_method": {
    "internal": {
      "variety": [
        "Reported by employee"
      ]
    }
  },
  "impact": {
    "overall_rating": "Unknown"
  },
  "incident_id": "0AE928DD-4233-4233-BAC2-5C651C13BC97",
  "plus": {
    "analysis_status": "First pass",
    "analyst": "Spitler",
    "attribute": {
      "confidentiality": {
        "credit_monitoring": "Unknown"
      }
    },
    "created": "2013-10-28T15:09:00Z",
    "github": "653",
    "master_id": "0AE928DD-4233-4233-BAC2-5C651C13BC97",
    "modified": "2014-05-10T00:58:18Z",
    "timeline": {
      "notification": {
        "day": 10,
        "month": 5,
        "year": 2010
      }
    }
  },
  "reference": "http://krebsonsecurity.com/2010/05/stolen-laptop-exposes-personal-data-on-207000-army-reservists/; http://www.databreaches.net/obamacare-exchange-contractors-had-past-security-lapses/",
  "schema_version": "1.3.7",
  "security_incident": "Confirmed",
  "source_id": "vcdb",
  "summary": "Article on ACA contractors deferenced prior breaches. This entry is modeling a 2010 incident involving Serco Inc. and a lost laptop.",
  "timeline": {
    "compromise": {
      "unit": "Minutes"
    },
    "discovery": {
      "unit": "Hours"
    },
    "incident": {
      "month": 4,
      "year": 2010
    }
  },
  "victim": {
    "country": [
      "US"
    ],
    "employee_count": "1001 to 10000",
    "government": [
      "NA"
    ],
    "industry": "541511",
    "region": [
      "019021"
    ],
    "state": "GA",
    "victim_id": "Serco Inc."
  }
}