{
  "action": {
    "physical": {
      "variety": [
        "Tampering",
        "Disabled controls"
      ],
      "vector": [
        "Victim public area"
      ]
    }
  },
  "actor": {
    "external": {
      "country": [
        "Unknown"
      ],
      "motive": [
        "Financial"
      ],
      "region": [
        "000000"
      ],
      "variety": [
        "Unknown"
      ]
    }
  },
  "asset": {
    "assets": [
      {
        "variety": "Unknown"
      }
    ],
    "cloud": [
      "Unknown"
    ]
  },
  "attribute": {
    "confidentiality": {
      "data": [
        {
          "variety": "Payment"
        }
      ],
      "data_disclosure": "Yes",
      "data_victim": [
        "Customer"
      ],
      "state": [
        "Transmitted unencrypted"
      ]
    },
    "integrity": {
      "variety": [
        "Hardware tampering"
      ]
    }
  },
  "discovery_method": {
    "external": {
      "variety": [
        "Law enforcement"
      ]
    }
  },
  "impact": {
    "overall_rating": "Unknown"
  },
  "incident_id": "F547C484-378E-4BA5-887C-5DAE7C0FB3CB",
  "plus": {
    "analysis_status": "Finalized",
    "analyst": "Robert-Topper",
    "attribute": {
      "confidentiality": {
        "credit_monitoring": "Unknown",
        "data_abuse": "Yes"
      }
    },
    "created": "2016-09-26T18:53:00Z",
    "dbir_year": 2017,
    "github": "8000",
    "master_id": "0B0A091B-57B8-4634-9C39-FC7ACDBB6074",
    "modified": "2016-09-26T18:56:00Z",
    "timeline": {
      "notification": {
        "day": 23,
        "month": 6,
        "year": 2016
      }
    }
  },
  "reference": "http://journalstar.com/news/local/911/credit-card-skimmers-found-on-lincoln-gas-pumps/article_98d0a111-b1bd-5389-9471-21613c3ea473.html",
  "schema_version": "1.3.7",
  "security_incident": "Confirmed",
  "source_id": "vcdb",
  "summary": "gas pump skimmer",
  "timeline": {
    "discovery": {
      "unit": "Days",
      "value": 16.0
    },
    "incident": {
      "day": 25,
      "month": 5,
      "year": 2016
    }
  },
  "victim": {
    "country": [
      "US"
    ],
    "employee_count": "11 to 100",
    "government": [
      "NA"
    ],
    "industry": "447110",
    "locations_affected": 2,
    "region": [
      "019021"
    ],
    "state": "NE",
    "victim_id": "Shell Gas Station"
  }
}