{
  "action": {
    "error": {
      "variety": [
        "Disposal error"
      ],
      "vector": [
        "Unknown"
      ]
    }
  },
  "actor": {
    "internal": {
      "motive": [
        "NA"
      ],
      "variety": [
        "Unknown"
      ]
    }
  },
  "asset": {
    "assets": [
      {
        "variety": "M - Documents"
      }
    ],
    "cloud": [
      "Unknown"
    ]
  },
  "attribute": {
    "confidentiality": {
      "data": [
        {
          "variety": "Unknown"
        }
      ],
      "data_disclosure": "Yes",
      "data_total": 83
    }
  },
  "discovery_method": {
    "unknown": true
  },
  "incident_id": "0B1CFDB9-DD55-4115-9535-565FF4BF19CF",
  "plus": {
    "analysis_status": "First pass",
    "analyst": "swidup",
    "created": "2014-07-30T19:04:07Z",
    "dbir_year": 2014,
    "master_id": "0B1CFDB9-DD55-4115-9535-565FF4BF19CF",
    "modified": "2015-02-13T16:50:35Z"
  },
  "reference": "http://vcdb.org/pdf/va-security-may-2014.pdf",
  "schema_version": "1.3.7",
  "security_incident": "Confirmed",
  "source_id": "vcdb",
  "summary": "While performing an Environment of Care (EOC) rounds in the new Mayaguez Outpatient Clinic, the Information Security Officer (ISO) found lots of paper documents in the dumpster. These documents were dated from 1995 to 1998.\nIncident Update\n06/03/14:\nThere are various documents regarding information on 83 Veterans and three employees. All include the full name and full SSN. Some were contained in clear plastic bags and some were laying loose in and around the dumpster. The dumpster is located in the parking lot of the clinic and accessible to the public. It is not known how long the documents were in the dumpster.",
  "timeline": {
    "incident": {
      "day": 29,
      "month": 5,
      "year": 2014
    }
  },
  "victim": {
    "country": [
      "US"
    ],
    "employee_count": "Over 100000",
    "government": [
      "Unknown"
    ],
    "industry": "923140",
    "region": [
      "019021"
    ],
    "state": "PR",
    "victim_id": "United States Department of Veterans Affairs"
  }
}