{
  "action": {
    "error": {
      "notes": " [through ]",
      "variety": [
        "Disposal error"
      ],
      "vector": [
        "Unknown"
      ]
    }
  },
  "actor": {
    "internal": {
      "motive": [
        "NA"
      ],
      "variety": [
        "Unknown"
      ]
    }
  },
  "asset": {
    "assets": [
      {
        "variety": "M - Documents"
      }
    ],
    "cloud": [
      "Unknown"
    ]
  },
  "attribute": {
    "confidentiality": {
      "data": [
        {
          "amount": 1000,
          "variety": "Medical"
        }
      ],
      "data_disclosure": "Yes",
      "data_total": 1000,
      "data_victim": [
        "Patient"
      ],
      "state": [
        "Stored unencrypted"
      ]
    }
  },
  "discovery_method": {
    "unknown": true
  },
  "impact": {
    "overall_rating": "Unknown"
  },
  "incident_id": "0B2E623D-9AF5-48B0-A977-777223C57AD2",
  "plus": {
    "analysis_status": "First pass",
    "analyst": "swidup",
    "asset": {
      "total": "No"
    },
    "attribute": {
      "confidentiality": {
        "credit_monitoring": "Unknown",
        "data_abuse": "Unknown"
      }
    },
    "created": "2013-06-04T23:07:00Z",
    "master_id": "0B2E623D-9AF5-48B0-A977-777223C57AD2",
    "modified": "2014-05-10T00:58:18Z",
    "timeline": {
      "notification": {
        "day": 3,
        "month": 6,
        "year": 2013
      }
    }
  },
  "reference": "http://www.out-law.com/en/articles/2013/june/failure-in-sweep-of-old-premises-costs-health-body-100000-in-data-breach-fine/  http://www.ico.org.uk/news/latest_news/2013/~/media/documents/library/Data_Protection/Notices/stockport-pct-monetary-penalty-notice.ashx",
  "schema_version": "1.3.7",
  "security_incident": "Confirmed",
  "source_id": "vcdb",
  "summary": "The watchdog said that when SPCT sold an old site it had owned it failed to conduct proper checks to ensure that patient records had either been \"removed or transferred\". The purchaser of the site subsequently discovered boxes containing approximately 1,000 documents after SPCT had vacated the premises, the ICO said.  Within the documents was \"patient identifiable data including work diaries, letters, referral forms and patient records\" which included \"confidential and highly sensitive personal data relating to over 200 data subjects including details about miscarriages, incontinence problems, child protection issues and a document from the police about the death of a child\", it said.",
  "timeline": {
    "incident": {
      "year": 2011
    }
  },
  "victim": {
    "country": [
      "GB"
    ],
    "employee_count": "Unknown",
    "government": [
      "NA"
    ],
    "industry": "622",
    "region": [
      "150154"
    ],
    "victim_id": "Stockport Primary Case Trust"
  }
}