{
  "action": {
    "physical": {
      "variety": [
        "Theft"
      ],
      "vector": [
        "Victim work area"
      ]
    }
  },
  "actor": {
    "external": {
      "country": [
        "Unknown"
      ],
      "motive": [
        "Financial"
      ],
      "region": [
        "000000"
      ],
      "variety": [
        "Unknown"
      ]
    }
  },
  "asset": {
    "assets": [
      {
        "variety": "U - Laptop"
      },
      {
        "variety": "U - Desktop or laptop"
      }
    ],
    "cloud": [
      "Unknown"
    ]
  },
  "attribute": {
    "availability": {
      "variety": [
        "Loss"
      ]
    },
    "confidentiality": {
      "data": [
        {
          "amount": 5370,
          "variety": "Medical"
        }
      ],
      "data_disclosure": "Potentially",
      "data_total": 5370,
      "data_victim": [
        "Patient"
      ],
      "state": [
        "Stored"
      ]
    }
  },
  "discovery_method": {
    "unknown": true
  },
  "impact": {
    "overall_rating": "Unknown"
  },
  "incident_id": "0B52E024-3A05-4D52-822A-B5FA409677E3",
  "plus": {
    "analysis_status": "First pass",
    "analyst": "swidup",
    "asset": {
      "total": "No"
    },
    "attribute": {
      "confidentiality": {
        "credit_monitoring": "Unknown",
        "data_abuse": "Unknown"
      }
    },
    "created": "2013-06-28T04:24:52Z",
    "master_id": "0B52E024-3A05-4D52-822A-B5FA409677E3",
    "modified": "2014-05-10T00:58:18Z",
    "timeline": {
      "notification": {
        "day": 4,
        "month": 4,
        "year": 2013
      }
    }
  },
  "reference": "http://www.digtriad.com/news/local/article/278611/57/Hospice-Patient-Info-At-Risk-After-Laptop-Thefts, http://www.fiercehealthit.com/story/stolen-laptop-incidents-put-info-13000-patients-risk/2013-04-09",
  "schema_version": "1.3.7",
  "security_incident": "Confirmed",
  "source_id": "vcdb",
  "summary": "A local health provider is warning patients and their families about a possible breach of personal information after a recent break-in at one of its facilities.  Staff at Hospice Palliative Care of Alamance Caswell and LifePath Home Health notified around 5,370 current and past patients, or their next of kin, about a possible information breach stemming from a Feb. 24 break-in.  The break-in happened at the group's main office on Chapel Hill Road in Burlington.  The burglars stole several items, including empty needles and syringes, miscellaneous items, and three laptops containing patient information. ",
  "timeline": {
    "incident": {
      "day": 24,
      "month": 2,
      "year": 2013
    }
  },
  "victim": {
    "country": [
      "US"
    ],
    "employee_count": "Unknown",
    "government": [
      "NA"
    ],
    "industry": "621",
    "region": [
      "019021"
    ],
    "state": "NC",
    "victim_id": "Hospice Palliative Care of Alamance Caswell / LifePath Home Health"
  }
}