{
  "action": {
    "error": {
      "variety": [
        "Loss"
      ],
      "vector": [
        "Carelessness"
      ]
    }
  },
  "actor": {
    "internal": {
      "motive": [
        "NA"
      ],
      "variety": [
        "Unknown"
      ]
    }
  },
  "asset": {
    "assets": [
      {
        "variety": "M - Documents"
      }
    ],
    "cloud": [
      "Unknown"
    ]
  },
  "attribute": {
    "availability": {
      "variety": [
        "Loss"
      ]
    },
    "confidentiality": {
      "data": [
        {
          "variety": "Unknown"
        }
      ],
      "data_disclosure": "Yes",
      "data_total": 1
    }
  },
  "discovery_method": {
    "unknown": true
  },
  "incident_id": "0B847E92-D53A-49A0-9A4A-F89355522F53",
  "plus": {
    "analysis_status": "First pass",
    "analyst": "swidup",
    "created": "2014-11-24T16:59:31Z",
    "master_id": "0B847E92-D53A-49A0-9A4A-F89355522F53",
    "modified": "2014-11-24T16:59:31Z"
  },
  "reference": "http://vcdb.org/pdf/va-security.pdf",
  "schema_version": "1.3.7",
  "security_incident": "Confirmed",
  "source_id": "vcdb",
  "summary": "An EMS employee was in the cafeteria and found a packet of a patient's information/records folded sitting on the condiment bar. The employee gave this to their supervisor who in turn gave it to the PO. The PO contacted the head nurse of the ICU, where this patient was, and informed him of the incident. He looked the documents over and the items that were written on the records and stated it was a nursing student that would have written it. He is educating all the nursing students and letting the affiliate hospital know about the incident. The patient has since expired.",
  "timeline": {
    "incident": {
      "day": 15,
      "month": 2,
      "year": 2011
    }
  },
  "victim": {
    "country": [
      "US"
    ],
    "employee_count": "Over 100000",
    "government": [
      "Unknown"
    ],
    "industry": "923140",
    "region": [
      "019021"
    ],
    "state": "NE",
    "victim_id": "United States Department of Veterans Affairs"
  }
}