{
  "action": {
    "hacking": {
      "variety": [
        "Unknown"
      ],
      "vector": [
        "Unknown"
      ]
    }
  },
  "actor": {
    "external": {
      "country": [
        "VN"
      ],
      "motive": [
        "Espionage"
      ],
      "notes": "Threat actor worked for a company that sold a rival product. The threat actor was not working at the behest of his company but was working on behalf of it.",
      "region": [
        "142035"
      ],
      "variety": [
        "Competitor"
      ]
    }
  },
  "asset": {
    "assets": [
      {
        "variety": "S - Unknown"
      }
    ],
    "cloud": [
      "Unknown"
    ]
  },
  "attribute": {
    "integrity": {
      "notes": "Send unauthorized messages.",
      "variety": [
        "Repurpose"
      ]
    }
  },
  "discovery_method": {
    "internal": {
      "variety": [
        "Reported by employee"
      ]
    }
  },
  "impact": {
    "overall_rating": "Unknown"
  },
  "incident_id": "0BF5DEE8-F4E4-4D9D-9BAE-D21A49E3AA13",
  "plus": {
    "analysis_status": "First pass",
    "analyst": "blackfist",
    "created": "2013-09-11T19:08:00Z",
    "master_id": "0BF5DEE8-F4E4-4D9D-9BAE-D21A49E3AA13",
    "modified": "2014-12-03T16:37:53Z",
    "timeline": {
      "notification": {
        "day": 5,
        "month": 9,
        "year": 2013
      }
    }
  },
  "reference": "http://english.vietnamnet.vn/fms/education/84156/hanoi--200-students-off-school-because-of-hacker.html (20130911)",
  "schema_version": "1.3.7",
  "security_incident": "Confirmed",
  "source_id": "vcdb",
  "summary": "Hacker sends fake communication to school students and parents telling them that school has been cancelled in order to damage the reputation of a rival company selling a similar product to what the hacker's employer sells.",
  "timeline": {
    "incident": {
      "day": 5,
      "month": 9,
      "year": 2013
    }
  },
  "victim": {
    "country": [
      "VN"
    ],
    "employee_count": "Unknown",
    "government": [
      "NA"
    ],
    "industry": "511",
    "region": [
      "142035"
    ],
    "victim_id": "Ha Dinh Primary School"
  }
}