{
  "action": {
    "hacking": {
      "variety": [
        "Unknown"
      ],
      "vector": [
        "Unknown"
      ]
    },
    "malware": {
      "variety": [
        "Ransomware"
      ],
      "vector": [
        "Unknown"
      ]
    },
    "social": {
      "target": [
        "Unknown",
        "Executive"
      ],
      "variety": [
        "Phishing",
        "Extortion"
      ],
      "vector": [
        "Unknown",
        "Email"
      ]
    }
  },
  "actor": {
    "external": {
      "country": [
        "Unknown"
      ],
      "motive": [
        "Financial"
      ],
      "region": [
        "000000"
      ],
      "variety": [
        "Organized crime",
        "Unknown"
      ]
    }
  },
  "asset": {
    "assets": [
      {
        "variety": "S - Unknown"
      },
      {
        "variety": "P - Executive"
      },
      {
        "variety": "P - Unknown"
      }
    ],
    "cloud": [
      "Unknown"
    ]
  },
  "attribute": {
    "availability": {
      "duration": {
        "unit": "Days",
        "value": 7
      },
      "variety": [
        "Obscuration"
      ]
    },
    "integrity": {
      "variety": [
        "Alter behavior",
        "Software installation"
      ]
    }
  },
  "discovery_method": {
    "external": {
      "variety": [
        "Actor disclosure"
      ]
    }
  },
  "discovery_notes": "a ransom demand of half a bitcoin - worth $300, it said - to a cybercrime gang ",
  "impact": {
    "iso_currency_code": "USD",
    "loss": [
      {
        "amount": 300,
        "variety": "Asset and fraud"
      }
    ],
    "notes": "ransom;",
    "overall_amount": 300,
    "overall_rating": "Unknown"
  },
  "incident_id": "9242C268-4AB8-4B18-B3B6-316FEED63778",
  "plus": {
    "analysis_status": "Finalized",
    "analyst": "Robert-Topper",
    "created": "2016-09-15T16:14:00Z",
    "dbir_year": 2017,
    "github": "7152",
    "master_id": "0C13053C-123F-4E65-8349-4F8512AFAB84",
    "modified": "2016-11-11T18:08:00Z",
    "timeline": {
      "notification": {
        "day": 1,
        "month": 2,
        "year": 2016
      }
    }
  },
  "reference": "http://www.bankinfosecurity.com/blogs/town-faces-ransomware-infection-blinks-p-2055; http://www.bostonglobe.com/metro/2016/02/02/town-medfield-pays-ransom-free-computer-system/oHZB3bYC20lW39kSJJsrKI/story.html",
  "schema_version": "1.3.7",
  "security_incident": "Confirmed",
  "source_id": "vcdb",
  "summary": "city pays ransom ware to unencrypt servers",
  "timeline": {
    "compromise": {
      "unit": "Minutes"
    },
    "containment": {
      "unit": "Days"
    },
    "discovery": {
      "unit": "Minutes"
    },
    "exfiltration": {
      "unit": "NA"
    },
    "incident": {
      "day": 25,
      "month": 1,
      "year": 2016
    }
  },
  "value_chain": {
    "cash-out": {
      "notes": "VERIS 1.3.6: value_chain.development.variety.Cryptocurrency added because action.malware.variety.Ransomware exists.",
      "variety": [
        "Cryptocurrency"
      ]
    },
    "development": {
      "notes": "VERIS 1.3.6: value_chain.development.variety.Email added because action.social.vector.Email exists.",
      "variety": [
        "Email"
      ]
    },
    "distribution": {
      "notes": "VERIS 1.3.6: value_chain.distribution.variety.Email added because action.social.vector.Email exists.",
      "variety": [
        "Email"
      ]
    },
    "targeting": {
      "notes": "VERIS 1.3.6: value_chain.targeting.variety.Email addresses added because action.social.vector.Email exists.",
      "variety": [
        "Email addresses"
      ]
    }
  },
  "victim": {
    "country": [
      "US"
    ],
    "employee_count": "Small",
    "government": [
      "Unknown"
    ],
    "industry": "921110",
    "locations_affected": 1,
    "region": [
      "019021"
    ],
    "state": "MA",
    "victim_id": "Medfield city government"
  }
}