{
  "action": {
    "error": {
      "variety": [
        "Loss"
      ],
      "vector": [
        "Carelessness"
      ]
    },
    "misuse": {
      "notes": "Removal of information onto USB drive was against policy.",
      "variety": [
        "Data mishandling"
      ],
      "vector": [
        "Physical access"
      ]
    }
  },
  "actor": {
    "internal": {
      "motive": [
        "NA"
      ],
      "variety": [
        "End-user"
      ]
    }
  },
  "asset": {
    "assets": [
      {
        "variety": "S - Database"
      },
      {
        "variety": "M - Flash drive"
      }
    ],
    "cloud": [
      "Unknown"
    ]
  },
  "attribute": {
    "availability": {
      "variety": [
        "Loss"
      ]
    },
    "confidentiality": {
      "data": [
        {
          "amount": 1075,
          "variety": "Personal"
        }
      ],
      "data_disclosure": "Yes",
      "data_total": 1075,
      "data_victim": [
        "Student"
      ],
      "notes": "PII included name, school and class information, emergency contact details, and in some cases, medical information.",
      "state": [
        "Stored unencrypted"
      ]
    }
  },
  "discovery_method": {
    "other": true
  },
  "impact": {
    "loss": [
      {
        "rating": "Minor",
        "variety": "Response and recovery"
      }
    ],
    "overall_rating": "Unknown"
  },
  "incident_id": "0C1F9356-364B-46CE-A139-BA1B3698F79E",
  "plus": {
    "analysis_status": "First pass",
    "analyst": "Splitler",
    "asset": {
      "total": "No"
    },
    "attribute": {
      "confidentiality": {
        "credit_monitoring": "Unknown",
        "data_abuse": "No"
      }
    },
    "created": "2013-03-14T21:50:06Z",
    "master_id": "0C1F9356-364B-46CE-A139-BA1B3698F79E",
    "modified": "2014-05-10T00:58:18Z",
    "timeline": {
      "notification": {
        "day": 2,
        "month": 2,
        "year": 2012
      }
    }
  },
  "reference": "http://www.eastlothiancourier.com/news/roundup/articles/2012/02/09/423493-school-data-loss-apology/ http://www.eastlothian.gov.uk/news/article/1026/council_apologises_for_loss_of_information",
  "schema_version": "1.3.7",
  "security_incident": "Confirmed",
  "source_id": "vcdb",
  "summary": "School employee downloaded information, including student PII onto a USB drive to work from home.  USB drive was then lost putting data at risk. ",
  "timeline": {
    "compromise": {
      "unit": "NA"
    },
    "containment": {
      "unit": "Hours"
    },
    "discovery": {
      "unit": "NA"
    },
    "exfiltration": {
      "unit": "NA"
    },
    "incident": {
      "year": 2012
    }
  },
  "victim": {
    "country": [
      "GB"
    ],
    "employee_count": "Unknown",
    "government": [
      "Unknown"
    ],
    "industry": "921",
    "region": [
      "150154"
    ],
    "victim_id": "East Lothian Council"
  }
}