{
  "action": {
    "hacking": {
      "variety": [
        "Path traversal",
        "Other",
        "Exploit vuln"
      ],
      "vector": [
        "Web application"
      ]
    }
  },
  "actor": {
    "external": {
      "country": [
        "Unknown"
      ],
      "motive": [
        "Ideology"
      ],
      "notes": "Null crew; The Horsemen of Lulz",
      "region": [
        "000000"
      ],
      "variety": [
        "Activist"
      ]
    }
  },
  "asset": {
    "assets": [
      {
        "variety": "S - Mail"
      },
      {
        "variety": "S - Web application"
      }
    ],
    "cloud": [
      "Unknown"
    ]
  },
  "attribute": {
    "confidentiality": {
      "data": [
        {
          "variety": "Credentials"
        }
      ],
      "data_disclosure": "Yes",
      "data_victim": [
        "Customer"
      ],
      "state": [
        "Stored unencrypted"
      ]
    }
  },
  "discovery_method": {
    "external": {
      "variety": [
        "Actor disclosure"
      ]
    }
  },
  "impact": {
    "overall_rating": "Unknown"
  },
  "incident_id": "0C297DC8-058F-4068-B555-EE1ECA45FD0B",
  "plus": {
    "analysis_status": "First pass",
    "analyst": "blackfist",
    "attribute": {
      "confidentiality": {
        "credit_monitoring": "Unknown"
      }
    },
    "created": "2014-04-03T14:27:00Z",
    "github": "1922",
    "master_id": "0C297DC8-058F-4068-B555-EE1ECA45FD0B",
    "modified": "2015-02-13T16:50:35Z",
    "timeline": {
      "notification": {
        "day": 3,
        "month": 4,
        "year": 2014
      }
    }
  },
  "reference": "http://www.zdnet.com/anti-media-cybercrime-spree-continues-al-arabiya-hacked-by-nullcrew-7000028004 (20140403)",
  "schema_version": "1.3.7",
  "security_incident": "Confirmed",
  "source_id": "vcdb",
  "summary": "Hackers use Zimbra vulnerability to hack mail server and publish user authentication details",
  "timeline": {
    "incident": {
      "month": 4,
      "year": 2014
    }
  },
  "victim": {
    "country": [
      "AE"
    ],
    "employee_count": "101 to 1000",
    "government": [
      "NA"
    ],
    "industry": "515120",
    "region": [
      "142145"
    ],
    "victim_id": "Al Arabiya"
  }
}