{
  "action": {
    "misuse": {
      "variety": [
        "Privilege abuse"
      ],
      "vector": [
        "LAN access"
      ]
    }
  },
  "actor": {
    "internal": {
      "motive": [
        "Fun",
        "Unknown"
      ],
      "variety": [
        "Unknown"
      ]
    }
  },
  "asset": {
    "assets": [
      {
        "variety": "S - Database"
      }
    ],
    "cloud": [
      "Unknown"
    ]
  },
  "attribute": {
    "confidentiality": {
      "data": [
        {
          "amount": 397,
          "variety": "Medical"
        }
      ],
      "data_disclosure": "Yes",
      "data_total": 397,
      "data_victim": [
        "Patient"
      ],
      "state": [
        "Stored"
      ]
    }
  },
  "discovery_method": {
    "internal": {
      "variety": [
        "Reported by employee"
      ]
    }
  },
  "impact": {
    "overall_rating": "Unknown"
  },
  "incident_id": "7F1A62F8-CC00-4304-80F3-2E46849E7D0F",
  "plus": {
    "analysis_status": "Finalized",
    "analyst": "Spitler",
    "attribute": {
      "confidentiality": {
        "credit_monitoring": "Unknown"
      }
    },
    "created": "2016-10-18T15:46:00Z",
    "dbir_year": 2017,
    "github": "7941",
    "master_id": "0C4EE80E-40EC-4DEF-AD37-4B22DB06B17C",
    "modified": "2016-10-18T15:51:00Z",
    "sub_source": "phidbr",
    "timeline": {
      "notification": {
        "day": 18,
        "month": 6,
        "year": 2016
      }
    }
  },
  "reference": "https://www.databreaches.net/ca-397-medical-records-snooped-at-hamilton-general-hospital/; http://www.thespec.com/news-story/6729448-397-medical-records-snooped-at-hamilton-general-hospital/",
  "schema_version": "1.3.7",
  "security_incident": "Confirmed",
  "source_id": "vcdb",
  "summary": "Employee misused access to view medical data of patients not in his/her care.",
  "timeline": {
    "compromise": {
      "unit": "NA"
    },
    "discovery": {
      "unit": "Months",
      "value": 11.0
    },
    "exfiltration": {
      "unit": "NA"
    },
    "incident": {
      "month": 6,
      "year": 2015
    }
  },
  "victim": {
    "country": [
      "CA"
    ],
    "employee_count": "1001 to 10000",
    "government": [
      "NA"
    ],
    "industry": "622110",
    "region": [
      "019021"
    ],
    "victim_id": "Hamilton General Hospital"
  }
}