{
  "action": {
    "hacking": {
      "variety": [
        "Unknown"
      ],
      "vector": [
        "Web application"
      ]
    }
  },
  "actor": {
    "external": {
      "country": [
        "Unknown"
      ],
      "motive": [
        "Financial"
      ],
      "region": [
        "000000"
      ],
      "variety": [
        "Unknown"
      ]
    }
  },
  "asset": {
    "assets": [
      {
        "variety": "S - Web application"
      }
    ],
    "cloud": [
      "Unknown"
    ]
  },
  "attribute": {
    "confidentiality": {
      "data": [
        {
          "variety": "Payment"
        },
        {
          "variety": "Personal"
        }
      ],
      "data_disclosure": "Yes",
      "data_victim": [
        "Customer"
      ],
      "state": [
        "Stored unencrypted"
      ]
    }
  },
  "discovery_method": {
    "unknown": true
  },
  "impact": {
    "overall_rating": "Unknown"
  },
  "incident_id": "0C680106-00FB-4F43-B01E-67779D8664C6",
  "plus": {
    "analysis_status": "Reviewed",
    "analyst": "swidup",
    "asset": {
      "total": "No"
    },
    "attribute": {
      "confidentiality": {
        "credit_monitoring": "Unknown",
        "data_abuse": "Unknown"
      }
    },
    "created": "2013-02-08T04:12:58Z",
    "master_id": "0C680106-00FB-4F43-B01E-67779D8664C6",
    "modified": "2014-05-10T00:58:18Z",
    "timeline": {
      "notification": {
        "day": 3,
        "month": 12,
        "year": 2012
      }
    }
  },
  "reference": "http://doj.nh.gov/consumer/security-breaches/documents/ipromo-20121203.pdf, http://www.atg.state.vt.us/assets/files/ipromo%20Security%20Breach%20Notification%20Letter.pdf",
  "schema_version": "1.3.7",
  "security_incident": "Confirmed",
  "source_id": "vcdb",
  "summary": "The company website (ipromo.com) was breached.  Exposed was an old customer data file with name, address, email, and account password.  There was also some exposure to masked and unmasked credit cards.",
  "timeline": {
    "discovery": {
      "unit": "Days",
      "value": 15
    },
    "incident": {
      "day": 12,
      "month": 11,
      "year": 2012
    }
  },
  "victim": {
    "country": [
      "US"
    ],
    "employee_count": "Unknown",
    "government": [
      "NA"
    ],
    "industry": "339",
    "region": [
      "019021"
    ],
    "state": "IL",
    "victim_id": "iPromo"
  }
}