{
  "action": {
    "error": {
      "variety": [
        "Misdelivery"
      ],
      "vector": [
        "Carelessness"
      ]
    }
  },
  "actor": {
    "internal": {
      "motive": [
        "NA"
      ],
      "variety": [
        "Unknown"
      ]
    }
  },
  "asset": {
    "assets": [
      {
        "variety": "M - Documents"
      }
    ],
    "cloud": [
      "Unknown"
    ]
  },
  "attribute": {
    "confidentiality": {
      "data": [
        {
          "variety": "Unknown"
        }
      ],
      "data_disclosure": "Unknown",
      "data_total": 1
    }
  },
  "discovery_method": {
    "unknown": true
  },
  "incident_id": "0CA71B5F-957B-457C-968D-35D5274B6267",
  "plus": {
    "analysis_status": "First pass",
    "analyst": "swidup",
    "created": "2014-07-30T19:04:07Z",
    "dbir_year": 2014,
    "master_id": "0CA71B5F-957B-457C-968D-35D5274B6267",
    "modified": "2015-02-13T16:50:35Z"
  },
  "reference": "http://vcdb.org/pdf/va-security.pdf",
  "schema_version": "1.3.7",
  "security_incident": "Confirmed",
  "source_id": "vcdb",
  "summary": "An employee received a call from Port City Glass stating that they received a patient's records on their fax. They were told to shred the information that they received and told that the Privacy Officer would probably call them immediately. The patient's information was faxed to the wrong place by one of our employees. This information was ripped up by the employee at Port City Glass. The Privacy Officer asked the employee to put the ripped information in an envelope and send it directly back to the Privacy Officer to destroy. The employee did not have the appropriate shredder. The information that the Port City Glass was able to give us was the patient name, full SSN, and DOB.",
  "timeline": {
    "incident": {
      "day": 6,
      "month": 6,
      "year": 2012
    }
  },
  "victim": {
    "country": [
      "US"
    ],
    "employee_count": "Over 100000",
    "government": [
      "Unknown"
    ],
    "industry": "923140",
    "region": [
      "019021"
    ],
    "state": "NH",
    "victim_id": "United States Department of Veterans Affairs"
  }
}